A1,,,,,,,,,,,,,,,,,,,,,,,,,,,,,,,,,,,,,,,,,,,,,,,,,,,,,,,,,,,,,,,,,,,,,,,,,,,,,,,,,,,,,,,,,,,,,,,,,
A2,,,,,,,,,,,,,,,,,,,,,,,,,,,,,,,,,,,,,,,,,,,,,,,,,,,,,,,,,,,,,,,,,,,,,,,,,,,,,,,,,,,,,,,,,,,,,,,,,
A3,,,,,,,,,,,,,,,,,,,,,,,,,,,,,,,,,,,,,,,,,,,,,,,,,,,,,,,,,,,,,,,,,,,,,,,,,,,,,,,,,,,,,,,,,,,,,,,,,
A4,,,,,,,,,,,,,,,,,,,,,,,,,,,,,,,,,,,,,,,,,,,,,,,,,,,,,,,,,,,,,,,,,,,,,,,,,,,,,,,,,,,,,,,,,,,,,,,,,
A5,,,,,,,,,,,,,,,,,,,,,,,,,,,,,,,,,,,,,,,,,,,,,,,,,,,,,,,,,,,,,,,,,,,,,,,,,,,,,,,,,,,,,,,,,,,,,,,,,
A6,,,,,,,,,,,,,,,,,,,,,,,,,,,,,,,,,,,,,,,,,,,,,,,,,,,,,,,,,,,,,,,,,,,,,,,,,,,,,,,,,,,,,,,,,,,,,,,,,
A7,,,,,,,,,,,,,,,,,,,,,,,,,,,,,,,,,,,,,,,,,,,,,,,,,,,,,,,,,,,,,,,,,,,,,,,,,,,,,,,,,,,,,,,,,,,,,,,,,
A8,,,,,,,,,,,,,,,,,,,,,,,,,,,,,,,,,,,,,,,,,,,,,,,,,,,,,,,,,,,,,,,,,,,,,,,,,,,,,,,,,,,,,,,,,,,,,,,,,
A9,,,,,,,,,,,,,,,,,,,,,,,,,,,,,,,,,,,,,,,,,,,,,,,,,,,,,,,,,,,,,,,,,,,,,,,,,,,,,,,,,,,,,,,,,,,,,,,,,
A10,,,,,,,,,,,,,,,,,,,,,,,,,,,,,,,,,,,,,,,,,,,,,,,,,,,,,,,,,,,,,,,,,,,,,,,,,,,,,,,,,,,,,,,,,,,,,,,,,
A11,,,,,,,,,,,,,,,,,,,,,,,,,,,,,,,,,,,,,,,,,,,,,,,,,,,,,,,,,,,,,,,,,,,,,,,,,,,,,,,,,,,,,,,,,,,,,,,,,
A12,,,,,,,,,,,,,,,,,,,,,,,,,,,,,,,,,,,,,,,,,,,,,,,,,,,,,,,,,,,,,,,,,,,,,,,,,,,,,,,,,,,,,,,,,,,,,,,,,
B1,,,,,,,,,,,,,,,,,,,,,,,,,,,,,,,,,,,,,,,,,,,,,,,,,,,,,,,,,,,,,,,,,,,,,,,,,,,,,,,,,,,,,,,,,,,,,,,,,
B2,158,158,152,148,152,149,146,145,140,150,154,151,144,144,142,150,149,152,153,149,148,153,144,147,147,153,151,145,150,149,154,148,151,148,149,148,150,151,150,148,154,147,150,143,144,142,146,147,149,147,141,143,147,147,146,143,150,147,154,147,151,148,158,145,152,146,145,152,141,145,143,149,140,147,147,149,144,147,141,146,140,141,147,146,140,150,149,155,143,145,148,143,147,142,151,147,151
B3,164,155,151,148,151,147,148,149,160,145,145,153,148,147,149,148,147,153,145,150,146,149,148,149,147,146,148,144,148,145,148,148,158,147,146,147,143,146,150,149,143,149,145,145,147,148,145,147,146,149,153,142,153,146,146,148,148,143,156,152,151,145,152,146,151,152,146,148,147,142,149,148,150,143,151,150,152,146,144,151,142,147,142,149,146,153,146,143,144,153,148,147,149,147,148,147,142
B4,160,158,155,150,151,150,156,152,151,141,147,148,144,140,151,149,144,147,145,149,157,153,152,150,142,149,154,141,148,150,145,140,151,142,153,151,144,150,148,151,146,141,150,150,156,147,150,148,147,149,148,146,148,141,147,150,140,138,150,158,147,145,149,142,147,153,143,141,146,146,157,148,143,142,141,150,150,152,153,146,147,151,145,147,149,145,145,151,150,148,144,147,148,147,147,155,151
B5,156,153,152,152,154,149,148,147,148,150,150,146,155,149,151,147,147,151,148,140,150,148,156,145,143,147,141,144,143,153,141,143,146,148,147,146,144,146,141,143,146,142,146,150,146,146,149,138,148,144,147,148,144,147,151,149,139,144,143,140,155,147,149,146,146,151,148,150,150,143,141,148,154,143,145,148,142,149,152,155,147,144,149,150,148,142,151,147,156,145,145,147,154,147,146,144,148
B6,162,155,146,155,150,158,153,150,138,146,154,148,148,155,148,150,155,150,148,148,146,150,147,150,148,150,149,152,145,155,141,151,144,144,155,137,145,145,146,147,144,148,145,148,149,135,145,145,149,151,154,150,149,146,138,144,143,155,145,147,145,149,143,146,153,142,146,147,149,153,150,145,143,150,145,144,145,147,147,146,150,145,150,154,152,151,147,145,148,151,141,151,147,149,144,143,155
B7,156,158,150,154,145,147,150,147,143,152,148,151,154,149,147,150,146,155,145,149,147,156,149,145,152,143,149,154,145,145,145,156,141,151,144,150,146,147,156,150,149,145,148,147,143,147,146,149,152,139,147,146,144,147,149,145,147,147,148,142,153,144,151,149,157,148,142,152,143,154,145,155,148,145,145,139,147,144,150,145,153,150,152,148,149,149,145,148,153,153,148,146,155,144,144,147,145
B8,157,152,155,153,158,143,151,149,154,149,148,145,144,144,147,151,146,145,160,150,145,148,151,151,142,149,150,142,153,147,150,149,148,154,151,149,148,144,139,151,145,151,145,144,150,150,144,155,151,149,151,145,146,145,145,140,156,151,145,150,147,151,148,149,143,148,144,154,143,147,147,146,145,152,146,153,152,145,147,141,146,145,152,144,147,147,149,150,150,150,150,151,149,152,149,146,157
B9,158,160,150,151,147,149,149,152,150,155,153,144,150,147,150,154,150,148,152,154,147,149,151,146,141,150,146,148,152,154,149,138,148,148,147,147,145,145,147,146,145,146,151,152,151,150,144,142,148,150,147,151,154,142,149,143,147,151,149,146,152,144,142,149,148,152,145,151,151,155,146,148,150,154,151,150,144,151,141,149,150,146,143,144,151,148,150,146,142,145,146,145,157,150,155,151,150
B10,155,150,154,153,145,151,152,146,148,150,145,141,146,147,151,152,149,149,155,143,150,146,152,142,152,146,147,152,147,153,148,147,147,153,148,151,143,147,145,150,147,150,147,152,146,147,143,148,145,153,153,145,152,146,153,150,150,147,144,150,145,152,146,148,148,144,147,150,147,144,152,149,149,147,146,154,152,149,146,150,140,140,145,157,145,148,150,140,149,152,154,142,139,146,148,143,143
B11,152,154,162,154,151,156,145,147,149,148,147,156,147,148,140,150,150,143,150,148,145,148,145,148,153,152,146,149,145,151,150,145,144,143,149,143,157,149,145,150,153,143,148,146,150,144,148,150,147,154,141,146,150,145,149,145,150,142,148,145,149,140,148,147,142,153,146,146,151,144,149,140,156,153,139,144,146,151,142,144,144,149,144,152,145,143,144,152,146,145,152,150,144,146,143,145,147
B12,,,,,,,,,,,,,,,,,,,,,,,,,,,,,,,,,,,,,,,,,,,,,,,,,,,,,,,,,,,,,,,,,,,,,,,,,,,,,,,,,,,,,,,,,,,,,,,,,
C1,,,,,,,,,,,,,,,,,,,,,,,,,,,,,,,,,,,,,,,,,,,,,,,,,,,,,,,,,,,,,,,,,,,,,,,,,,,,,,,,,,,,,,,,,,,,,,,,,
C2,185,183,174,186,184,178,173,188,179,176,180,183,183,182,196,194,207,199,199,203,214,222,227,249,244,258,272,280,289,307,326,344,362,399,422,448,468,492,534,565,606,642,685,743,785,819,901,955,1015,1127,1169,1242,1345,1408,1490,1599,1677,1753,1828,1918,2006,2082,2163,2198,2321,2360,2464,2509,2596,2664,2694,2822,2906,2958,3045,3147,3154,3292,3346,3439,3541,3645,3750,3836,3888,3971,4081,4140,4202,4296,4395,4467,4582,4613,4758,4811,4963
C3,420,405,418,406,417,420,429,435,441,457,482,485,525,552,603,651,695,748,821,880,972,1050,1108,1195,1274,1336,1396,1472,1550,1578,1692,1778,1817,1913,1974,2005,2098,2128,2208,2247,2307,2338,2494,2530,2571,2639,2681,2718,2793,2864,2906,2991,3046,3086,3197,3248,3327,3405,3503,3593,3655,3726,3798,3811,3905,3917,3934,3981,3963,3917,3889,3756,3735,3738,3648,3545,3459,3388,3339,3278,3255,3217,3224,3199,3198,3208,3219,3240,3264,3253,3316,3337,3279,3334,3382,3438,3514
C4,435,425,417,423,424,429,439,441,447,478,498,524,547,589,620,672,740,794,861,921,996,1078,1144,1210,1279,1355,1423,1499,1582,1622,1729,1779,1865,1939,2027,2075,2135,2213,2248,2317,2374,2481,2534,2608,2650,2712,2763,2827,2905,2968,3025,3102,3132,3218,3288,3329,3415,3488,3579,3629,3732,3770,3823,3882,4002,4011,4084,4128,4189,4217,4287,4433,4510,4511,4581,4668,4746,4808,4849,4924,5001,5091,5230,5283,5286,5383,5430,5545,5613,5638,5750,5817,5875,5921,6034,6107,6234
C5,407,390,387,374,378,391,399,402,397,427,438,446,468,493,506,545,572,593,618,648,677,719,738,777,814,833,865,900,922,953,980,998,1036,1060,1101,1094,1136,1131,1175,1182,1210,1216,1252,1255,1300,1281,1296,1303,1335,1367,1354,1393,1398,1418,1458,1473,1500,1503,1539,1558,1640,1653,1656,1622,1656,1664,1654,1637,1609,1565,1532,1461,1454,1429,1378,1376,1354,1325,1297,1289,1306,1259,1296,1261,1306,1308,1311,1298,1302,1291,1309,1316,1334,1347,1322,1336,1363
C6,469,465,444,457,472,472,478,490,484,530,543,595,632,659,714,828,894,951,1061,1163,1282,1404,1491,1585,1717,1820,1970,2100,2143,2251,2380,2494,2593,2742,2836,2944,3047,3118,3228,3320,3416,3547,3684,3721,3850,3851,3988,4098,4214,4274,4381,4501,4550,4574,4733,4832,4946,5017,5131,5149,5327,5434,5530,5527,5722,5842,5872,6041,6112,6216,6348,6591,6614,6788,6916,7164,7307,7419,7667,7882,7952,8167,8283,8366,8454,8529,8665,8788,9030,9172,9295,9372,9471,9502,9529,9515,9600
C7,369,360,363,364,363,369,379,383,405,427,445,458,505,551,607,657,710,773,851,929,1006,1128,1228,1296,1376,1467,1611,1704,1788,1888,1975,2104,2185,2293,2428,2510,2623,2639,2738,2867,2975,3037,3160,3197,3318,3393,3434,3515,3622,3684,3785,3868,3957,4049,4115,4223,4325,4410,4433,4573,4701,4725,4783,4848,4950,5011,5139,5154,5202,5365,5334,5511,5625,5683,5732,5795,5954,6027,6084,6186,6244,6306,6448,6508,6574,6638,6675,6775,6861,6932,7025,7082,7195,7208,7394,7347,7444
C8,429,414,407,408,424,425,427,451,448,489,508,543,563,609,650,714,783,847,896,982,1071,1153,1218,1300,1370,1464,1524,1608,1670,1722,1802,1896,1952,2051,2121,2126,2216,2319,2366,2449,2484,2555,2639,2644,2700,2756,2822,2859,2912,2935,2974,3008,3083,3072,3161,3263,3266,3388,3403,3494,3637,3624,3734,3790,3888,3934,4015,4108,4161,4164,4095,4105,4152,4118,4083,4018,3930,3833,3710,3707,3637,3552,3491,3495,3459,3448,3455,3416,3409,3439,3465,3477,3478,3533,3524,3557,3629
C9,522,534,522,499,517,512,525,557,556,610,624,670,683,748,819,898,967,1051,1137,1213,1278,1382,1457,1545,1619,1714,1806,1908,1938,2040,2130,2164,2273,2381,2422,2501,2584,2627,2685,2726,2838,2923,3015,3012,3038,3137,3182,3271,3306,3376,3396,3429,3546,3581,3642,3684,3744,3801,3931,3941,4022,4069,4132,4175,4284,4318,4428,4461,4547,4572,4556,4630,4641,4543,4521,4509,4465,4324,4221,4113,4046,3936,3907,3835,3841,3756,3706,3674,3687,3661,3698,3716,3693,3702,3733,3782,3837
C10,261,264,265,261,251,260,256,255,266,277,277,307,310,332,339,374,415,458,506,578,631,689,785,892,1012,1098,1228,1358,1466,1578,1672,1820,2007,2207,2377,2573,2714,2928,3066,3263,3457,3602,3914,4060,4227,4366,4547,4780,4906,5054,5292,5467,5621,5792,6015,6210,6424,6663,6778,7019,7232,7501,7632,7871,8138,8259,8540,8750,8851,9183,9308,9531,9833,10046,10283,10453,10700,10902,11167,11427,11681,11932,12141,12393,12614,12744,12997,13249,13520,13663,14007,14265,14544,14777,15033,15203,15569
C11,548,523,532,527,540,541,565,573,570,592,626,656,662,699,724,759,806,840,875,895,951,979,990,1029,1074,1099,1131,1153,1191,1224,1241,1287,1348,1380,1398,1418,1459,1466,1556,1573,1591,1620,1687,1722,1739,1778,1833,1872,1914,1993,1996,2037,2065,2069,2144,2175,2227,2233,2256,2292,2299,2304,2323,2375,2395,2385,2436,2429,2421,2442,2389,2391,2379,2313,2325,2276,2255,2204,2190,2110,2017,2015,1997,1972,2008,1953,1974,1966,1993,1996,2036,2053,2027,2042,2064,2057,2091
C12,,,,,,,,,,,,,,,,,,,,,,,,,,,,,,,,,,,,,,,,,,,,,,,,,,,,,,,,,,,,,,,,,,,,,,,,,,,,,,,,,,,,,,,,,,,,,,,,,
D1,,,,,,,,,,,,,,,,,,,,,,,,,,,,,,,,,,,,,,,,,,,,,,,,,,,,,,,,,,,,,,,,,,,,,,,,,,,,,,,,,,,,,,,,,,,,,,,,,
D2,312,312,307,310,303,318,315,324,336,348,359,375,384,420,441,476,517,556,588,639,705,749,800,872,971,1020,1099,1194,1252,1343,1412,1476,1598,1693,1800,1852,1961,2023,2107,2211,2288,2374,2452,2552,2608,2667,2779,2806,2895,3073,3094,3223,3272,3361,3428,3574,3622,3667,3815,3920,4083,4124,4212,4269,4360,4470,4515,4635,4635,4778,4855,4887,5045,5118,5101,5270,5383,5409,5594,5570,5799,5804,6019,6021,6155,6080,6259,6384,6394,6477,6638,6577,6766,6815,6844,7030,7062
D3,550,545,528,542,525,549,552,554,573,604,609,659,682,730,784,810,888,986,1044,1133,1192,1275,1353,1413,1502,1544,1626,1722,1784,1848,1933,1988,2037,2136,2219,2247,2291,2369,2455,2515,2560,2669,2713,2772,2811,2896,2969,3024,3086,3169,3172,3302,3308,3394,3470,3571,3619,3650,3828,3835,3974,4016,4048,4146,4199,4273,4308,4312,4325,4328,4405,4327,4310,4242,4181,3993,3971,3907,3824,3777,3645,3588,3548,3560,3569,3545,3546,3517,3530,3525,3596,3593,3562,3635,3653,3613,3721
D4,463,460,456,453,447,453,459,466,477,495,519,537,557,588,632,673,724,761,818,883,951,1042,1082,1152,1236,1312,1347,1440,1504,1570,1619,1722,1750,1858,1936,1985,2074,2122,2199,2263,2302,2378,2424,2503,2551,2646,2674,2707,2809,2856,2937,3000,3039,3126,3136,3264,3333,3352,3490,3514,3688,3709,3762,3788,3857,3929,4000,4043,4129,4177,4281,4347,4424,4479,4571,4608,4688,4755,4785,4856,4969,5048,5116,5214,5208,5315,5402,5495,5511,5631,5760,5732,5915,5979,6122,6131,6268
D5,337,329,321,323,332,343,348,342,356,360,367,375,385,405,415,431,453,477,501,525,563,585,610,630,679,688,734,764,777,801,831,862,877,909,937,970,980,1001,1004,1031,1029,1044,1078,1103,1102,1119,1141,1150,1140,1164,1199,1179,1203,1226,1247,1261,1258,1257,1311,1311,1357,1358,1429,1435,1460,1471,1479,1478,1437,1436,1412,1392,1354,1334,1329,1305,1307,1297,1241,1248,1246,1220,1237,1263,1256,1260,1239,1257,1264,1273,1275,1293,1279,1283,1267,1283,1299
D6,470,442,448,451,451,448,444,472,481,486,523,538,604,634,689,768,832,929,1052,1148,1223,1373,1469,1589,1692,1844,1954,2079,2197,2315,2424,2557,2644,2801,2954,2998,3122,3240,3304,3383,3546,3625,3729,3824,3963,4044,4089,4151,4252,4404,4497,4515,4677,4721,4794,4924,4989,4987,5220,5265,5410,5488,5595,5579,5768,5824,5922,6004,6110,6221,6383,6485,6625,6623,6886,6962,7117,7346,7479,7610,7724,7870,8039,8161,8286,8337,8597,8708,8852,8970,9162,9172,9254,9266,9341,9380,9364
D7,435,436,435,433,433,437,435,443,469,493,533,554,587,640,695,757,835,928,1014,1089,1203,1313,1403,1509,1606,1700,1839,1959,2044,2180,2273,2380,2484,2619,2696,2786,2897,2966,3055,3119,3289,3338,3411,3494,3588,3669,3721,3838,3934,4034,4141,4208,4284,4339,4422,4506,4623,4600,4820,4876,4992,4983,5084,5219,5285,5382,5461,5463,5572,5668,5760,5837,5903,6075,6135,6136,6281,6356,6465,6457,6568,6694,6793,6870,6930,6980,7120,7224,7255,7343,7456,7488,7602,7627,7773,7799,7943
D8,462,472,469,465,485,481,483,507,518,534,580,600,632,682,725,820,892,955,1013,1098,1192,1291,1343,1415,1509,1572,1673,1739,1819,1889,1982,2017,2108,2191,2267,2309,2388,2437,2480,2538,2599,2679,2722,2762,2839,2859,2898,2951,3028,3065,3117,3184,3221,3261,3315,3379,3433,3399,3554,3630,3763,3746,3859,3931,4022,4088,4137,4219,4288,4339,4417,4425,4480,4470,4452,4419,4414,4314,4323,4151,4039,3918,3851,3887,3818,3730,3717,3669,3631,3585,3582,3572,3517,3560,3553,3528,3572
D9,483,481,465,468,471,486,488,503,489,526,546,578,628,658,708,760,815,899,960,1038,1131,1187,1280,1357,1415,1490,1606,1669,1745,1848,1899,2014,2124,2166,2247,2275,2385,2442,2538,2565,2644,2719,2798,2818,2885,2935,2993,3071,3162,3213,3269,3309,3376,3417,3543,3556,3614,3629,3781,3857,3945,3963,4060,4100,4160,4196,4341,4334,4428,4419,4488,4454,4401,4418,4427,4323,4279,4278,4103,4000,3955,3972,3818,3839,3819,3799,3796,3750,3710,3739,3744,3733,3769,3794,3830,3836,3922
D10,376,356,365,369,363,373,386,400,414,452,476,527,592,646,714,815,924,1031,1194,1301,1439,1560,1736,1867,2015,2193,2391,2591,2750,2909,3101,3382,3486,3752,3927,4047,4320,4513,4709,4910,5071,5317,5542,5683,5940,6134,6220,6476,6739,6895,7137,7296,7550,7787,7932,8145,8389,8418,8858,9006,9315,9586,9697,9994,10196,10334,10592,10801,10984,11232,11481,11621,11991,12196,12410,12637,12855,13075,13327,13589,13801,14017,14272,14620,14746,15016,15258,15451,15730,16056,16137,16486,16771,16870,17201,17335,17887
D11,545,537,532,515,544,548,557,582,582,576,591,631,636,659,681,708,729,757,798,845,869,904,935,962,1021,1028,1059,1110,1157,1183,1206,1252,1262,1289,1350,1386,1405,1454,1508,1545,1589,1612,1667,1686,1756,1751,1823,1848,1881,1967,1944,2017,2029,2080,2108,2118,2171,2166,2211,2269,2274,2304,2339,2315,2389,2393,2398,2407,2429,2407,2462,2398,2343,2360,2324,2214,2227,2251,2123,2136,2108,2126,2039,2004,1991,2015,1976,2002,1991,1991,1974,1968,1962,1968,2005,2052,2061
D12,,,,,,,,,,,,,,,,,,,,,,,,,,,,,,,,,,,,,,,,,,,,,,,,,,,,,,,,,,,,,,,,,,,,,,,,,,,,,,,,,,,,,,,,,,,,,,,,,
E1,,,,,,,,,,,,,,,,,,,,,,,,,,,,,,,,,,,,,,,,,,,,,,,,,,,,,,,,,,,,,,,,,,,,,,,,,,,,,,,,,,,,,,,,,,,,,,,,,
E2,324,321,321,318,312,326,334,340,353,356,368,385,394,428,443,474,498,543,605,634,666,733,799,848,953,1011,1061,1168,1231,1293,1375,1474,1518,1635,1702,1779,1873,1980,2010,2074,2186,2257,2352,2402,2524,2617,2645,2761,2824,2913,2957,3039,3148,3242,3308,3430,3409,3630,3713,3770,3863,4038,4071,4121,4260,4330,4440,4457,4507,4716,4733,4826,4947,4961,4943,5136,5263,5252,5344,5384,5654,5809,5819,5952,5924,6068,6207,6304,6179,6412,6375,6647,6781,6790,6945,7040,7085
E3,253,264,262,255,253,257,249,261,262,271,276,281,296,289,309,318,334,348,363,404,444,475,498,531,574,616,682,737,786,838,895,965,1020,1084,1151,1192,1250,1326,1393,1427,1515,1573,1642,1706,1740,1831,1873,1944,2016,2089,2067,2136,2178,2285,2319,2385,2395,2509,2523,2591,2683,2790,2851,2921,2983,3112,3100,3136,3236,3282,3388,3369,3447,3440,3373,3431,3455,3370,3382,3302,3336,3340,3286,3251,3223,3184,3224,3165,3023,3061,3041,3130,3125,3099,3130,3162,3161
E4,461,446,466,454,464,456,463,473,478,508,522,544,574,616,647,679,733,780,829,914,983,1034,1124,1207,1243,1318,1363,1426,1499,1578,1615,1717,1756,1850,1913,1978,2059,2103,2159,2182,2252,2342,2354,2418,2479,2533,2587,2670,2697,2786,2797,2839,2947,3041,3043,3146,3134,3320,3392,3446,3477,3554,3620,3674,3762,3832,3888,3877,3975,4051,4101,4176,4289,4288,4278,4387,4489,4519,4556,4584,4790,4904,4913,5048,5043,5108,5261,5312,5241,5446,5399,5687,5725,5751,5848,5952,5996
E5,272,268,281,272,275,273,277,267,287,285,293,299,307,313,322,326,337,351,371,388,391,403,441,444,473,487,498,524,562,581,608,633,636,674,687,700,726,743,748,777,813,826,829,849,852,877,874,899,899,914,925,926,972,974,972,988,978,1040,1039,1059,1077,1110,1128,1150,1178,1193,1225,1231,1232,1256,1271,1252,1244,1215,1171,1186,1189,1172,1163,1151,1179,1157,1159,1177,1165,1132,1180,1184,1164,1193,1163,1186,1194,1208,1223,1223,1241
E6,448,450,433,444,443,449,463,460,479,500,529,565,587,648,690,766,820,904,1026,1112,1209,1315,1472,1539,1645,1766,1860,1962,2054,2178,2308,2470,2493,2657,2746,2795,2928,2987,3106,3176,3278,3367,3496,3515,3662,3765,3801,3896,4025,4110,4082,4135,4361,4445,4517,4658,4642,4820,4908,4978,5073,5192,5309,5410,5518,5571,5692,5727,5856,6026,6144,6233,6440,6492,6462,6777,6930,6888,7039,7140,7453,7760,7738,7904,8018,8112,8302,8479,8311,8533,8463,8766,8884,8800,9015,8955,9063
E7,443,462,468,467,463,459,485,476,504,538,573,606,661,699,757,830,910,989,1089,1193,1250,1371,1492,1567,1688,1797,1901,2010,2087,2185,2312,2393,2478,2631,2750,2806,2904,2995,3045,3123,3239,3294,3396,3460,3578,3680,3675,3853,3942,4007,3994,4089,4208,4314,4352,4534,4464,4703,4780,4838,4940,5054,5120,5159,5321,5451,5491,5493,5586,5725,5776,5891,5985,6006,6006,6162,6213,6263,6243,6385,6637,6749,6763,6996,6940,7012,7164,7320,7219,7406,7318,7644,7716,7701,7952,7974,8032
E8,610,607,595,598,608,627,645,650,699,697,753,796,870,926,995,1067,1133,1231,1329,1441,1493,1608,1728,1824,1893,1957,2075,2128,2217,2300,2359,2477,2527,2608,2666,2696,2835,2884,2974,2940,3044,3136,3183,3205,3291,3367,3373,3438,3544,3602,3522,3567,3700,3770,3834,3957,3853,4084,4163,4156,4253,4374,4427,4425,4630,4638,4710,4733,4762,4869,4928,4960,4948,4869,4869,4825,4763,4709,4550,4446,4396,4373,4199,4251,4253,4179,4240,4183,3976,4049,3945,4094,4106,4082,4152,4142,4162
E9,520,516,507,505,506,512,537,534,555,584,611,646,694,729,775,862,928,1003,1096,1164,1257,1325,1435,1524,1597,1680,1762,1807,1909,1998,2053,2162,2194,2290,2393,2420,2520,2563,2647,2677,2751,2836,2922,2928,2964,3055,3093,3216,3282,3313,3272,3366,3475,3516,3592,3674,3663,3816,3873,3921,4041,4089,4137,4187,4324,4382,4408,4367,4478,4549,4574,4592,4508,4415,4420,4453,4428,4282,4132,4044,4034,4057,3937,3879,3821,3770,3810,3853,3726,3790,3785,3909,3901,3886,3945,3947,4025
E10,384,386,386,384,388,382,414,426,425,474,497,545,597,648,736,812,936,1045,1212,1341,1452,1620,1762,1921,2042,2279,2462,2641,2849,3040,3200,3419,3546,3842,4019,4195,4428,4600,4817,5029,5238,5465,5669,5805,6023,6246,6432,6694,6919,7089,7196,7293,7729,7954,8170,8416,8442,8957,9246,9273,9683,9912,10089,10261,10494,10751,10973,10978,11336,11587,11906,12106,12347,12416,12433,12882,12877,13101,13334,13529,14174,14441,14669,14950,15152,15266,15643,15951,15763,16283,16143,16949,17286,17326,17815,17989,18207
E11,526,536,514,528,547,551,555,566,570,599,622,635,664,685,706,754,780,826,860,891,926,957,1001,1037,1068,1110,1118,1144,1201,1237,1237,1289,1326,1360,1394,1422,1484,1526,1559,1574,1615,1677,1697,1773,1775,1808,1851,1916,1941,1986,1957,1977,2079,2099,2132,2190,2130,2239,2267,2270,2272,2290,2272,2283,2338,2329,2340,2263,2237,2235,2182,2172,2124,2116,2002,2045,1967,1947,1878,1873,1883,1926,1904,1917,1895,1933,1907,1955,1939,1953,1954,1992,2037,2012,2005,2042,2048
E12,,,,,,,,,,,,,,,,,,,,,,,,,,,,,,,,,,,,,,,,,,,,,,,,,,,,,,,,,,,,,,,,,,,,,,,,,,,,,,,,,,,,,,,,,,,,,,,,,
F1,,,,,,,,,,,,,,,,,,,,,,,,,,,,,,,,,,,,,,,,,,,,,,,,,,,,,,,,,,,,,,,,,,,,,,,,,,,,,,,,,,,,,,,,,,,,,,,,,
F2,286,287,282,289,286,281,297,300,302,308,320,332,341,365,378,401,431,452,475,505,547,585,643,684,755,811,871,914,1005,1063,1115,1255,1300,1385,1461,1520,1649,1734,1786,1867,1958,2030,2147,2193,2319,2429,2460,2568,2636,2770,2826,2879,3008,3106,3137,3296,3358,3514,3596,3696,3784,3889,3956,4026,4166,4265,4359,4378,4462,4596,4720,4768,4954,4903,5035,5112,5232,5310,5484,5480,5647,5783,5793,5975,6019,6096,6276,6380,6377,6475,6552,6766,6800,6804,6875,7005,7172
F3,394,395,388,392,387,406,416,428,434,438,457,495,513,538,584,614,671,734,805,874,923,1025,1105,1180,1263,1334,1415,1487,1559,1642,1681,1814,1845,1943,2008,2056,2160,2236,2312,2287,2400,2468,2546,2562,2661,2722,2765,2861,2912,2971,3031,3043,3107,3227,3267,3372,3414,3516,3618,3631,3756,3804,3879,3936,4017,4071,4101,4061,4132,4222,4226,4169,4182,4168,4092,4007,3925,3892,3787,3757,3659,3537,3477,3505,3439,3426,3535,3511,3538,3492,3490,3586,3583,3564,3620,3628,3690
F4,457,471,462,469,463,469,481,486,513,518,546,564,597,641,662,716,793,827,904,989,1055,1133,1231,1295,1402,1456,1579,1620,1686,1771,1864,1955,2004,2050,2190,2236,2363,2396,2457,2504,2601,2679,2710,2780,2837,2912,2918,3025,3137,3155,3233,3262,3344,3453,3524,3622,3651,3728,3829,3837,3942,4075,4097,4090,4223,4281,4369,4338,4412,4500,4626,4678,4765,4791,4833,4931,4923,5032,5080,5196,5250,5375,5378,5561,5505,5593,5742,5831,5811,5937,5952,6140,6174,6241,6249,6388,6508
F5,330,329,317,319,329,327,331,343,343,346,369,387,386,409,412,407,441,438,496,524,533,561,589,619,666,671,701,717,741,767,794,817,831,858,898,895,952,959,959,991,1025,1042,1048,1047,1071,1101,1124,1164,1150,1201,1220,1218,1242,1264,1278,1309,1318,1363,1354,1365,1380,1381,1397,1364,1355,1353,1312,1281,1275,1280,1255,1246,1234,1219,1218,1233,1211,1241,1215,1225,1227,1266,1252,1273,1279,1281,1294,1310,1301,1291,1313,1331,1334,1330,1360,1379,1365
F6,418,426,445,436,433,451,461,455,467,483,501,528,575,619,648,727,802,870,976,1064,1152,1278,1389,1493,1605,1707,1800,1877,2048,2139,2272,2400,2471,2578,2685,2775,2888,3012,3059,3126,3253,3339,3411,3517,3550,3734,3787,3884,3964,4062,4142,4254,4303,4431,4482,4622,4678,4858,4978,4970,5097,5193,5261,5323,5465,5604,5706,5653,5775,5941,6115,6233,6330,6351,6431,6563,6719,6799,7032,7102,7309,7492,7549,7768,7753,7890,8166,8240,8219,8362,8453,8602,8690,8637,8709,8810,8841
F7,452,449,448,452,447,456,458,484,495,532,554,579,626,663,724,806,853,947,1057,1151,1221,1332,1483,1554,1617,1728,1828,1919,2034,2143,2218,2352,2434,2528,2605,2707,2834,2864,2994,3020,3101,3250,3287,3344,3458,3566,3585,3719,3805,3880,3978,4009,4104,4235,4224,4408,4460,4578,4772,4754,4849,4935,5011,5112,5200,5253,5374,5327,5401,5605,5653,5765,5856,5780,5922,6091,6104,6239,6265,6442,6419,6632,6700,6764,6768,6931,7067,7197,7192,7225,7303,7554,7630,7521,7705,7775,7867
F8,514,508,522,529,522,539,577,578,592,613,652,679,722,799,846,892,987,1064,1154,1257,1294,1406,1489,1577,1641,1739,1820,1859,2003,2031,2113,2192,2209,2284,2410,2444,2516,2558,2609,2671,2745,2802,2846,2888,2974,3092,3087,3155,3229,3273,3292,3313,3412,3468,3521,3635,3655,3778,3838,3833,3939,4046,4128,4157,4307,4283,4379,4386,4385,4510,4551,4599,4633,4570,4595,4583,4562,4470,4505,4375,4332,4300,4177,4199,4086,4018,4028,3909,3892,3826,3818,3886,3902,3853,3910,3930,3957
F9,525,511,509,519,507,516,536,551,576,596,611,654,684,746,813,867,943,996,1112,1178,1232,1329,1417,1499,1568,1680,1745,1781,1880,1921,2029,2132,2169,2251,2346,2367,2452,2530,2612,2634,2723,2828,2866,2917,2956,3082,3087,3177,3268,3354,3346,3383,3460,3515,3644,3708,3708,3829,3899,3945,4073,4178,4238,4299,4340,4404,4466,4444,4519,4615,4645,4661,4667,4542,4519,4528,4399,4345,4214,4072,3965,3948,3805,3858,3861,3846,3840,3843,3807,3743,3754,3868,3931,3934,3951,3955,4015
F10,363,355,360,359,357,373,372,390,403,425,468,508,566,626,681,763,850,979,1084,1226,1351,1469,1624,1752,1899,2071,2241,2395,2590,2810,3005,3199,3315,3519,3813,3960,4171,4347,4561,4713,4912,5163,5321,5491,5765,6044,6065,6475,6632,6925,6966,7228,7458,7762,7925,8244,8302,8706,8993,9025,9249,9650,9823,10006,10286,10544,10763,10844,11060,11440,11644,11910,12087,12106,12347,12558,12818,13032,13388,13554,13742,14294,14375,14678,14769,14965,15432,15648,15663,15958,16108,16680,16977,16811,17206,17582,17864
F11,531,529,534,539,552,547,571,589,589,617,639,675,705,747,751,792,847,880,897,959,968,1006,1065,1087,1117,1160,1189,1206,1275,1292,1337,1387,1370,1444,1498,1506,1556,1615,1659,1653,1758,1749,1836,1822,1858,1925,1928,2009,2045,2080,2070,2118,2089,2174,2189,2247,2202,2268,2327,2294,2329,2351,2398,2345,2330,2252,2256,2208,2211,2138,2100,2037,2015,1988,1974,1888,1890,1834,1846,1865,1866,1906,1880,1897,1916,1925,1970,1974,2024,2021,2028,2091,2131,2112,2092,2151,2171
F12,,,,,,,,,,,,,,,,,,,,,,,,,,,,,,,,,,,,,,,,,,,,,,,,,,,,,,,,,,,,,,,,,,,,,,,,,,,,,,,,,,,,,,,,,,,,,,,,,
G1,,,,,,,,,,,,,,,,,,,,,,,,,,,,,,,,,,,,,,,,,,,,,,,,,,,,,,,,,,,,,,,,,,,,,,,,,,,,,,,,,,,,,,,,,,,,,,,,,
G2,276,286,285,296,288,285,305,302,305,303,309,321,327,343,345,362,377,392,417,442,465,489,538,592,637,690,761,800,862,931,1010,1078,1124,1215,1333,1370,1505,1599,1683,1778,1904,1933,2028,2150,2228,2327,2414,2525,2613,2688,2734,2878,2973,3105,3136,3237,3346,3467,3521,3604,3695,3831,3932,4050,4094,4217,4300,4427,4429,4559,4651,4739,4890,4893,4989,5114,5224,5359,5413,5510,5592,5829,5787,5949,5938,6072,6214,6314,6424,6464,6550,6722,6820,6820,6962,7076,7111
G3,362,357,364,367,365,366,381,393,390,417,418,434,470,493,535,555,598,656,716,781,820,882,976,1050,1123,1215,1271,1332,1430,1499,1571,1687,1712,1808,1887,1961,2037,2138,2181,2255,2352,2398,2438,2528,2610,2683,2705,2783,2876,2948,2992,3075,3115,3220,3273,3406,3427,3505,3590,3692,3735,3838,3854,3945,4014,4010,4075,4082,4118,4189,4202,4098,4097,4051,3995,3884,3854,3765,3691,3588,3546,3482,3466,3446,3387,3417,3426,3426,3465,3436,3440,3510,3523,3523,3565,3600,3575
G4,462,470,449,466,459,468,479,488,500,510,534,572,597,622,657,728,760,823,903,984,1072,1148,1218,1296,1380,1466,1545,1600,1684,1785,1868,1950,2014,2108,2193,2273,2334,2430,2508,2542,2653,2728,2761,2876,2930,3005,3044,3142,3219,3284,3369,3447,3497,3603,3646,3799,3817,3918,4028,4088,4146,4284,4346,4365,4448,4562,4623,4643,4716,4835,4913,5005,5115,5116,5152,5216,5328,5403,5550,5598,5689,5750,5799,5928,5922,6041,6115,6243,6232,6328,6415,6554,6648,6617,6718,6846,6902
G5,281,278,289,282,281,278,285,283,299,305,311,315,323,337,334,350,353,365,381,397,409,443,461,473,507,535,546,581,593,606,628,651,660,685,722,735,757,778,794,805,854,860,869,895,918,945,957,1004,1005,1041,1030,1045,1066,1095,1104,1125,1139,1175,1204,1184,1225,1227,1227,1222,1244,1228,1210,1195,1179,1184,1157,1181,1168,1149,1146,1164,1166,1175,1189,1184,1184,1178,1199,1213,1245,1225,1235,1266,1251,1259,1289,1291,1276,1314,1329,1313,1314
G6,434,429,429,442,433,463,450,464,475,486,499,538,565,593,642,692,772,847,942,1063,1130,1228,1342,1430,1551,1651,1765,1851,1972,2111,2181,2343,2390,2507,2642,2711,2871,2949,3055,3064,3191,3305,3361,3487,3553,3704,3723,3844,3968,4046,4147,4198,4269,4418,4441,4624,4660,4842,4956,4986,5108,5265,5294,5384,5590,5644,5725,5744,5896,6026,6184,6244,6402,6459,6544,6665,6783,6965,7128,7266,7253,7465,7551,7672,7728,7847,7967,8060,8054,8079,8207,8362,8426,8425,8423,8491,8406
G7,450,430,451,455,458,472,473,486,514,531,562,594,636,684,737,795,887,942,1032,1113,1202,1305,1393,1500,1598,1674,1742,1821,1926,2030,2095,2197,2263,2394,2487,2536,2646,2694,2782,2835,2943,3031,3037,3186,3282,3405,3402,3507,3561,3656,3753,3835,3890,4010,4029,4179,4245,4362,4494,4532,4601,4729,4766,4819,5003,5098,5125,5163,5178,5337,5468,5514,5672,5600,5709,5836,5850,6028,6121,6187,6278,6459,6454,6629,6642,6712,6864,7028,7025,7127,7178,7398,7445,7434,7550,7643,7675
G8,538,510,512,526,519,524,556,558,568,596,622,654,688,725,781,844,917,986,1056,1165,1217,1286,1378,1454,1499,1625,1648,1736,1782,1850,1913,2012,2043,2106,2213,2238,2314,2385,2436,2473,2540,2605,2611,2709,2791,2845,2870,2949,3042,3032,3096,3155,3245,3328,3366,3460,3482,3593,3676,3719,3770,3881,3948,4028,4108,4119,4199,4189,4238,4362,4419,4428,4453,4400,4464,4437,4254,4238,4216,4177,4138,4021,3965,4004,3924,3925,3966,3920,3916,3847,3863,3921,3875,3849,3829,3864,3839
G9,541,532,525,555,540,548,589,589,610,621,663,706,751,807,865,910,1000,1073,1159,1247,1310,1403,1507,1580,1619,1715,1809,1835,1915,1988,2031,2152,2153,2247,2348,2365,2482,2548,2617,2632,2731,2784,2821,2915,2963,3063,3049,3227,3253,3342,3330,3442,3501,3566,3604,3703,3770,3908,3950,3924,4074,4158,4277,4316,4357,4358,4455,4510,4506,4504,4594,4472,4474,4449,4486,4369,4357,4265,4216,4152,4080,4024,3936,3908,3842,3814,3847,3879,3783,3747,3843,3923,3947,3908,3939,3987,3930
G10,176,178,184,174,176,171,171,179,164,167,173,175,175,170,185,176,183,182,196,194,207,206,206,220,225,226,232,252,265,275,291,305,325,348,382,410,454,489,536,590,667,733,798,914,988,1101,1192,1340,1471,1615,1759,1899,2091,2320,2472,2704,2876,3093,3333,3464,3686,3884,4039,4202,4434,4555,4804,4908,5066,5295,5547,5756,5945,6082,6263,6435,6597,6888,7133,7321,7494,7874,7997,8311,8458,8704,9008,9324,9394,9594,9857,10299,10552,10540,10855,11247,11333
G11,509,498,499,491,500,521,543,536,559,565,591,612,627,663,667,711,726,770,799,829,847,881,929,943,981,1006,1033,1051,1087,1122,1134,1179,1193,1215,1273,1288,1321,1365,1394,1400,1456,1475,1493,1525,1557,1627,1645,1686,1731,1737,1777,1793,1838,1886,1933,1964,1975,2039,2068,2069,2123,2146,2197,2218,2251,2253,2248,2248,2276,2259,2279,2218,2170,2171,2124,2126,2051,2015,2006,1980,1950,1960,1944,1949,1969,1960,1990,2014,2033,2035,2031,2082,2113,2074,2098,2108,2099
G12,,,,,,,,,,,,,,,,,,,,,,,,,,,,,,,,,,,,,,,,,,,,,,,,,,,,,,,,,,,,,,,,,,,,,,,,,,,,,,,,,,,,,,,,,,,,,,,,,
H1,,,,,,,,,,,,,,,,,,,,,,,,,,,,,,,,,,,,,,,,,,,,,,,,,,,,,,,,,,,,,,,,,,,,,,,,,,,,,,,,,,,,,,,,,,,,,,,,,
H2,,,,,,,,,,,,,,,,,,,,,,,,,,,,,,,,,,,,,,,,,,,,,,,,,,,,,,,,,,,,,,,,,,,,,,,,,,,,,,,,,,,,,,,,,,,,,,,,,
H3,,,,,,,,,,,,,,,,,,,,,,,,,,,,,,,,,,,,,,,,,,,,,,,,,,,,,,,,,,,,,,,,,,,,,,,,,,,,,,,,,,,,,,,,,,,,,,,,,
H4,,,,,,,,,,,,,,,,,,,,,,,,,,,,,,,,,,,,,,,,,,,,,,,,,,,,,,,,,,,,,,,,,,,,,,,,,,,,,,,,,,,,,,,,,,,,,,,,,
H5,,,,,,,,,,,,,,,,,,,,,,,,,,,,,,,,,,,,,,,,,,,,,,,,,,,,,,,,,,,,,,,,,,,,,,,,,,,,,,,,,,,,,,,,,,,,,,,,,
H6,,,,,,,,,,,,,,,,,,,,,,,,,,,,,,,,,,,,,,,,,,,,,,,,,,,,,,,,,,,,,,,,,,,,,,,,,,,,,,,,,,,,,,,,,,,,,,,,,
H7,,,,,,,,,,,,,,,,,,,,,,,,,,,,,,,,,,,,,,,,,,,,,,,,,,,,,,,,,,,,,,,,,,,,,,,,,,,,,,,,,,,,,,,,,,,,,,,,,
H8,,,,,,,,,,,,,,,,,,,,,,,,,,,,,,,,,,,,,,,,,,,,,,,,,,,,,,,,,,,,,,,,,,,,,,,,,,,,,,,,,,,,,,,,,,,,,,,,,
H9,,,,,,,,,,,,,,,,,,,,,,,,,,,,,,,,,,,,,,,,,,,,,,,,,,,,,,,,,,,,,,,,,,,,,,,,,,,,,,,,,,,,,,,,,,,,,,,,,
H10,,,,,,,,,,,,,,,,,,,,,,,,,,,,,,,,,,,,,,,,,,,,,,,,,,,,,,,,,,,,,,,,,,,,,,,,,,,,,,,,,,,,,,,,,,,,,,,,,
H11,,,,,,,,,,,,,,,,,,,,,,,,,,,,,,,,,,,,,,,,,,,,,,,,,,,,,,,,,,,,,,,,,,,,,,,,,,,,,,,,,,,,,,,,,,,,,,,,,
H12,,,,,,,,,,,,,,,,,,,,,,,,,,,,,,,,,,,,,,,,,,,,,,,,,,,,,,,,,,,,,,,,,,,,,,,,,,,,,,,,,,,,,,,,,,,,,,,,,