Well,t0,t10,t20,t30,t40,t50,t60,t70,t80,t90,t100,t110,t120,t130,t140,t150,t160,t170,t180,t190,t200,t210,t220,t230,t240,t250,t260,t270,t280,t290,t300,t310,t320,t330,t340,t350,t360,t370,t380,t390,t400,t410,t420,t430,t440,t450,t460,t470,t480,t490,t500,t510,t520,t530,t540,t550,t560,t570,t580,t590,t600,t610,t620,t630,t640,t650,t660,t670,t680,t690,t700,t710,t720,t730,t740,t750,t760,t770,t780,t790,t800,t810,t820,t830,t840,t850,t860,t870,t880,t890,t900,t910,t920,t930,t940,t950,t960
C2,0.3817370588661773,0.5308709622844839,0.5063585834259465,0.5831416484800999,0.5335211793329362,0.450640294513893,0.6133023464996671,0.48362065214482647,0.6815763250724639,0.5383368187593133,0.4423764904019645,0.526094492157437,0.4380541508177501,0.3944531326459517,0.6130048761114827,0.4954597079050988,0.5036494222154222,0.6794204798933782,0.4546089527063357,0.5343340522192399,0.570891273044975,0.48821845500659006,0.46834268488991926,0.4313352502785434,0.5364155042391424,0.3830081353476586,0.44966776873895686,0.5443936077248799,0.5655876717089761,0.42287656308607285,0.6360635485582109,0.4075449840434777,0.4496066525979272,0.457179917176277,0.1753930228746874,0.6226694318688886,0.5195291802373612,0.41064198247990125,0.4402926425917528,0.4573992307167189,0.4820431993726063,0.49545134723724105,0.5384584961317661,0.62019564602301,0.49344714354637,0.7184837142318674,0.36669922599830085,0.3758966647666188,0.2800003215979754,0.43608587870029075,0.3372204962695039,0.3759428270578593,0.5375402751559573,0.5031872199737567,0.31005744339863006,0.7019590533900302,0.3751168164289328,0.4847565504513981,0.45679358774887024,0.4824729591852385,0.4551903773779104,0.2725861329433017,0.5216535605436213,0.6378864341322065,0.24491337967635574,0.5647059505617602,0.5343567479002345,0.4256431122153532,0.6672344084187263,0.5711582466219791,0.3416205940332787,0.527233598381854,0.4942269063887046,0.5773607840391257,0.370148285250785,0.5443441496299388,0.43932536434937486,0.56519896270639,0.5367448009461173,0.4166489369414076,0.3853680835673665,0.4215515539357429,0.5206486072865741,0.40495664528566677,0.6453628436042975,0.5206653771215823,0.49636670115926046,0.6010147517352488,0.5310346407077781,0.5033911459156662,0.4829116028004799,0.48437053370383704,0.5766953411380555,0.42690033188595816,0.6329897535847602,0.5591872578931145,0.6703914057061036
D2,0.32772903217805804,0.31530129029863097,0.46779638976884286,0.3997285953106572,0.5497990564197405,0.37867383844938324,0.7100456249820526,0.4325596994401228,0.5019261755630929,0.5305496273318474,0.6076538683437468,0.421907829369158,0.5388048567996103,0.49267106035030706,0.3891653151745986,0.3758577239603391,0.6637792545421785,0.6270715213614454,0.400326549363972,0.5100921920867286,0.5588155706208536,0.4318296603279562,0.5549575811959642,0.6325043371602977,0.6608554424613958,0.6478474533627934,0.3760850760313788,0.6388933498816293,0.5459529773112733,0.45782775318981395,0.4029189848138923,0.49138711838100163,0.67328880529872,0.6961573487163928,0.668273878834511,0.5241939949043952,0.2935480431548076,0.5924024777265575,0.6927246050634545,0.44838591466042854,0.6083204580737006,0.4170130127486522,0.49789454780870174,0.4456814065560649,0.3781394591143755,0.38973040006123993,0.5432778004496304,0.53020088507042,0.565964981826591,0.5301326049343722,0.34999935026803597,0.5518146226160986,0.4497366584672238,0.49475091261668147,0.6724029837039186,0.5343596361890635,0.42270310722353344,0.610954435628679,0.4039420690445594,0.42606632482489776,0.4593980440892689,0.49337524888566886,0.6215597500250885,0.5638703532442391,0.3410682506102799,0.6215878283129669,0.5376091273619178,0.5312064673509064,0.5880106678702077,0.608407547857153,0.5691602595968084,0.4456818285488813,0.5363890933560527,0.3982376077698075,0.5472192324448332,0.4468343703428728,0.5433148987357275,0.37104741715769884,0.43134227586383966,0.35382258313535797,0.4885052514582642,0.3911543436877746,0.3936914219510705,0.3483399076224478,0.5079896830178382,0.4076258504731768,0.3938492531062294,0.6607620935821865,0.43651712155156064,0.44518546536327586,0.544098969035508,0.5049648730700712,0.5341417866160357,0.6381975936985268,0.5747039898237108,0.5708854817631018,0.7092160462547714
E2,0.5501665181335984,0.5259788985609423,0.6099158448076929,0.4108881781553492,0.492587186775462,0.7185747859436833,0.44348832409760336,0.42759969045590657,0.4531888816723311,0.3527877199797982,0.4711219090922392,0.47946659209553477,0.46732903459920744,0.4643798183710096,0.5739244987015747,0.534754368611588,0.5103777085405716,0.4223402417294079,0.5969536716892092,0.3720982601205173,0.44182861976566035,0.40359969215945357,0.49903316726708297,0.565422106886497,0.7161073418843444,0.4692753156627753,0.5560420766924495,0.4704686478740302,0.4111201596296442,0.6073913582707463,0.4184211913836465,0.6584876684013551,0.3327138565450493,0.6124971507818661,0.5622301291973022,0.5390765714417787,0.558512096061186,0.5343166033753737,0.627591926687127,0.48577738140009535,0.4981910183822374,0.5208195145318107,0.38381858735759344,0.5328433407249253,0.3631948537176093,0.46064748633131847,0.4931835133895467,0.6321738312170999,0.6278202617792592,0.35555057321809497,0.45074380367509226,0.43306323956849246,0.56889391693523,0.4561895284020658,0.3178765500419892,0.3807757256444641,0.544968708643436,0.47589695204964666,0.4825738353696363,0.49464521798437405,0.4519142872341668,0.5182912853530647,0.47638341541223134,0.4136389870490574,0.33574776664237654,0.42117719282524574,0.5670487332781429,0.508794344286326,0.4878417987930595,0.4168962721073721,0.4014097685705229,0.6282902246417105,0.5153440761528334,0.5158903622165958,0.6240757344038627,0.5534718239342236,0.4570868044083043,0.47919143292786465,0.3477105805483717,0.5213836964832781,0.4500201266874028,0.47498320240375047,0.5469965505878607,0.4389159151643113,0.4209221811282044,0.6394359575073858,0.4006561692816745,0.33568624305334555,0.510183865790757,0.5323196095356632,0.43628334186524775,0.4077428832111377,0.558415617833362,0.6099785155546854,0.5354827108004386,0.4886181598803468,0.41626154517479147
F2,0.4711026989695044,0.34347112126073265,0.5003444422822895,0.35849551393311296,0.4311194797423117,0.5569370021060136,0.39881082262290035,0.4771397783072845,0.4861638049456632,0.4877456452682945,0.6250979003671295,0.5916130959564941,0.5256185684269763,0.460881358664695,0.37288549496366996,0.4034047411772535,0.5430066513422209,0.5250674379879485,0.4554474559702394,0.7210450357081339,0.46084013334103247,0.5157364402899102,0.45924415344454994,0.46463530997260405,0.6066998983298455,0.513962034279594,0.36014724919869917,0.3823901042111504,0.49379722259892483,0.2669044893230782,0.48291716938088836,0.4004766817712362,0.44966362093805323,0.5390260190715285,0.59867178707964,0.562139552420545,0.36113458939201204,0.47167907910322954,0.5317500214868428,0.6430912500398949,0.5661177814297504,0.5919642068071148,0.5586758120561055,0.45303589453491566,0.310802038157333,0.45670329470616566,0.7427955600744032,0.6065809536182702,0.5343251862558176,0.4394330846522474,0.5169881151841342,0.3922202315331321,0.5339329230601063,0.5623835239406356,0.5412096266946373,0.7072376160881398,0.5315156976489769,0.49257099006268296,0.5736026270162338,0.41464129776598957,0.6063826540887014,0.6257285169355582,0.5776005628309312,0.575800705320743,0.6448594396947829,0.41453609266408087,0.530998158721702,0.44366439217858517,0.46261771180541683,0.4912400266552454,0.6117328223167493,0.47803442530079776,0.5018875927767334,0.46334769863395486,0.43476104160002166,0.4775883785679316,0.5507654557827837,0.4239094570378116,0.6692565551427537,0.6886285369674575,0.5245283002033291,0.5350097652867732,0.5486146015718403,0.4894189635636765,0.4108822475295504,0.4912233420958831,0.5383834886267896,0.5332374753173691,0.46291336497600716,0.5545411451856583,0.5412505249550321,0.7307375245153978,0.5043349748727357,0.610308424925417,0.7297233997645166,0.4400209530328826,0.661155665954917
G2,0.44875759559582096,0.4899713233572292,0.5578378223380468,0.681234898584571,0.38818633473642505,0.5403248247830883,0.4376770333458237,0.5834572346410055,0.47404970234521454,0.6109472858504428,0.4843648442058211,0.6322246055158455,0.49043280365394176,0.6241198951024028,0.4786971820701491,0.6674833125380757,0.3985681802825863,0.4607863372736599,0.4216166635648053,0.5996308662810712,0.38241333094827956,0.48535186053136564,0.18975917634637524,0.36650029550186325,0.44055863547449914,0.592034987473852,0.4361369699102827,0.7230299378036226,0.5587193380932568,0.40689674198927983,0.5079836382943697,0.4428058463164081,0.465544638633271,0.4109971740059887,0.5694737262553196,0.5121131959220002,0.5997503804956013,0.4796604167721656,0.4103344468791044,0.5562829685145902,0.36259456283070857,0.33586272791207217,0.5659484367228065,0.5012017977590035,0.4133711462881214,0.6718747907670954,0.24234409514868788,0.2952790252038806,0.4721227504131995,0.5562672408328799,0.5034124799153304,0.4351488446368038,0.4874272789138307,0.6230430804814922,0.4486853284457264,0.46591634837702284,0.5516008558451233,0.37449524080169183,0.441627925348025,0.5901258923091416,0.5471570636726013,0.3889973712428692,0.6435072770797166,0.5795033795928125,0.48936823437026744,0.5945146063763724,0.6628770740347996,0.44631268249692757,0.42475062259655233,0.5184673855034413,0.40777144025279155,0.6068364322019199,0.6907898093167804,0.3214474413255357,0.5477084061591488,0.37048056812933583,0.5634014818253754,0.4369471144903585,0.5574376585606435,0.5908718275739028,0.5407474380248989,0.7537395963746404,0.5385044209917662,0.39955689515264287,0.6037504815671342,0.4341330697552202,0.403977417410027,0.5994495807458117,0.3480145156417972,0.42639570206367067,0.509853138697214,0.3819782536176588,0.38884176971712825,0.2894942246108997,0.3928777691612231,0.5153066999482553,0.5880847717205433
C3,0.45956231813877707,0.5708960326406594,0.474062261798952,0.500125562011639,0.5575276079097742,0.4798251083556183,0.4626023597279401,0.4433268769764848,0.5603140457451574,0.39572017797303777,0.5466623126817725,0.4603164825141439,0.5576774024416069,0.3226652737727834,0.4702007268321313,0.5153819767299356,0.523141592136978,0.3714051523740478,0.6548595798774972,0.5597551948353753,0.5301255937721557,0.5819086868601521,0.5081443223240686,0.4076382834795922,0.6021816495600509,0.5959874861131405,0.6914922761500308,0.5751833937603096,0.4450160701497506,0.5550205071864409,0.5891265465569644,0.619969176673226,0.5828074209920584,0.5738642520208753,0.532465019266628,0.5437553506402776,0.43977932239641465,0.6498560245466246,0.7856847277217296,0.41599524503694263,0.6161148994806579,0.4723726709692156,0.46107572723697654,0.5263017498028079,0.37290271311008427,0.5551783764881862,0.35184343412341634,0.5760797554222813,0.4073392222632836,0.4279326866966851,0.4066604376798181,0.5065261303724444,0.4754827896702854,0.4027365050411722,0.5670738019865202,0.43321790926835463,0.49011350187352654,0.42673813267300426,0.42985842945636143,0.46536052908863995,0.4455710260444704,0.4390392332346157,0.5886612927624034,0.5116893241784534,0.710360767926533,0.647988787440848,0.5771947039987061,0.38669346517337105,0.4354912073639126,0.5384468727254934,0.33932594249872616,0.5312766881918104,0.44265155261030353,0.4209452294098277,0.5604966725428633,0.4890578854038123,0.4522131436801156,0.5876490271198052,0.6010538390675105,0.48308817022337647,0.5236309206575147,0.6121684876435054,0.4429974863398836,0.31475521820780694,0.5707450048391725,0.5679555552177382,0.4358586032364157,0.6245812276326503,0.5216286010601313,0.6386712244254781,0.5873520595223843,0.2917196543165087,0.34042843287921104,0.40193904525755264,0.4348249015720649,0.3649453177284929,0.3879917172670934
D3,0.6075122608437327,0.4783429584090885,0.4714293104644952,0.5604401608656632,0.43227884742548683,0.5255624721444434,0.4955644324249588,0.5407983249130499,0.4889284672944987,0.5144698820598921,0.5984497683286861,0.6634774910515265,0.43731337846046897,0.29319931627601636,0.6054608884356717,0.5671751946941147,0.4862242583108047,0.4728884528988492,0.5870615965627906,0.5068495971141398,0.3688098803201553,0.4111258985621345,0.29303125733182295,0.6959700790671441,0.3898752374972721,0.5159913399730439,0.5748003719193547,0.39539094855136836,0.4821943467127409,0.3230637722743297,0.4211652996727899,0.5629783703434214,0.6423720735233606,0.4994598223665246,0.4856776314107159,0.5983253586243713,0.5765081063068537,0.7207379954721966,0.41202577437769006,0.6995920234641179,0.6198808084140301,0.39605367005073566,0.5724118477560111,0.44897110570389703,0.3985314009023015,0.4700799288637119,0.5512355424987608,0.3312868821515227,0.43982741403529746,0.5295076382753819,0.6406463557286398,0.673211301905747,0.48327134966784724,0.5865904057105751,0.5057106022103396,0.5953896840557596,0.3578238350500458,0.42131886097103327,0.47364441185372075,0.3366616852806157,0.5958467121304394,0.5007030087987812,0.6464106220508766,0.4240589385633773,0.4296254232929921,0.4118989685843878,0.5636937029558611,0.5785631415502636,0.483158210063742,0.5881714120365996,0.6823618898915536,0.4965796505547444,0.6452963549880297,0.4227923955810653,0.48644767396495825,0.28098152224395867,0.1955976569749588,0.6278161716004503,0.49519705619954646,0.39357298773669225,0.4386452657331313,0.501935968669415,0.4602358577655342,0.4672372883294083,0.4031349759995053,0.5399313896936245,0.5078285705695379,0.5160301250796799,0.3869821449407876,0.4930429090902114,0.5036212172332316,0.5222895602834519,0.6475240335358277,0.48351734242496797,0.389448732734007,0.3742935070362811,0.4017402207095706
E3,0.4305077002979553,0.5489012687761151,0.6515515041472717,0.47056808923375687,0.5007501205176345,0.4539937733233847,0.5329538044554275,0.38646430992237873,0.3616888356358771,0.41398916045177103,0.5487607016132582,0.4309872319218492,0.38454422429464413,0.5462282969494617,0.3933790682621253,0.5489390523771766,0.31087736537732946,0.6306071278920857,0.6018299106416038,0.5489334360606015,0.5976600756576353,0.5022127753715493,0.5694451866132575,0.41106144675448225,0.46110395322942244,0.6701286950743318,0.45071390121810595,0.5153952796805166,0.6345858401806705,0.6896365601641271,0.5329325443776204,0.6314734733375781,0.48096583102909296,0.49805772054402736,0.3845509426235748,0.40807889878062087,0.4856233024073105,0.4290369760210654,0.515220669714506,0.5447662201718219,0.6143675337211586,0.4547755271706782,0.5362044420759218,0.7444372903725662,0.5055980238976998,0.5651760137764132,0.6982355956035533,0.6249558005193043,0.6036870935774772,0.38703039092637315,0.6059363241204405,0.33559349940250105,0.49790544408833115,0.3845517919724021,0.4939446131736684,0.5582112994350352,0.506543529738075,0.442401720597922,0.47593518583552236,0.563685385229827,0.45266875884550056,0.42209293415223753,0.37108791981610156,0.39195401959164433,0.5767831459189061,0.6113277887471267,0.400481458923167,0.5710701833627547,0.513687236833254,0.6159716500651113,0.39857815196019064,0.5534079419617495,0.33640306361576067,0.6179732083547969,0.6460149019518577,0.5147630171890101,0.4379147361122847,0.5550395639515615,0.41124478980774215,0.668262402430592,0.5419548409701391,0.4727255870073859,0.48673070041047245,0.5821759588442175,0.568234501715088,0.5370896665650444,0.44011652027588893,0.39283628553809335,0.311119675365394,0.5791744529241547,0.6121609953353873,0.4439501486971582,0.49489141241927653,0.43904038276891877,0.378632847478375,0.5077294739518795,0.4445059472984544
F3,0.4744192086125849,0.5300839591608804,0.3437884487158622,0.45219202009121473,0.5886970280098845,0.5337410478278578,0.4984253384909393,0.5125631605003772,0.30328644947885264,0.443366507858011,0.5271983373907421,0.6039735321512361,0.5965819043961794,0.46284022123968993,0.5078391560595439,0.48864759878349545,0.5334331165327263,0.4457824413965787,0.4147280969427457,0.5851024087079686,0.5056900106758178,0.676367550743286,0.6522694778323159,0.4966868488947371,0.48039010737861404,0.5874598831288058,0.505160402059276,0.4519195971632317,0.3651159623795648,0.7244587447306012,0.6277494565553641,0.6669480703053828,0.34088450208317345,0.617225216539312,0.5747092439455629,0.44920392502591133,0.4202723255278706,0.520142717935083,0.5831573881057275,0.47100004812250057,0.4755502860441735,0.4293339944033318,0.41298554271895144,0.670709348943968,0.5988809135844813,0.40229159254680324,0.3900395573018966,0.5498173170229029,0.6730632186816439,0.46550808604188754,0.5485906750322622,0.5721897651209985,0.4738520983851951,0.3182242556123023,0.5877682858654154,0.5409030238384929,0.38803294757704204,0.4946858690104051,0.539735670033529,0.4485199015339994,0.4035581909819637,0.49649097789390445,0.5350931786867479,0.39650059604124444,0.5918174129552234,0.5037025524550228,0.39474122448879967,0.6887747735815045,0.43959310902667953,0.6088728140093542,0.3711984706216689,0.515630800483722,0.5453514608345021,0.5817072247489624,0.5329583399262355,0.46884799224368573,0.5870931891169454,0.5426884569860946,0.6747468447027735,0.35630363005389987,0.47341602060755966,0.49051257392265585,0.582625816033228,0.498342338586318,0.4452701746635992,0.4745559662927222,0.6076171841296074,0.5460126270512577,0.5565671964505585,0.638449084033369,0.47668737085198853,0.497263480825792,0.5433355227408131,0.48436034301683895,0.49093530068327923,0.4002892744896175,0.7118040298169889
G3,0.5542478182269552,0.39285376155533147,0.37128558389216704,0.5489681528396151,0.5327407184880543,0.3117213886789558,0.533471257804165,0.5469582083727175,0.43084253971764425,0.4026956902276655,0.5006081577482911,0.4997852487833785,0.5315242345012688,0.385192944002852,0.41451031301055624,0.4190182948188647,0.6157343996579981,0.3851666592352779,0.2938819316874388,0.537478605685756,0.47108659009545517,0.6548105437684022,0.5261586190219593,0.6386384676392193,0.45111294119236955,0.6889205206764641,0.48911537805366395,0.5024973785632193,0.5411909975152475,0.44422383319478426,0.5581336768436951,0.46180386268671336,0.43215557808105776,0.5019924350859171,0.4672972100862318,0.41604401402209484,0.5728756334779587,0.5778959973336675,0.4624427384292356,0.5053972873704615,0.5095759860335562,0.5485013205857445,0.5753270372729711,0.6635586316406356,0.5904618399790483,0.3574081064804564,0.45256992682768554,0.25218684800739244,0.6805975308266319,0.3711447998606108,0.3433861156730246,0.6067530468233708,0.37010376834200653,0.3323469711722198,0.5275399405236295,0.3558644107564771,0.5548893741577516,0.5106605107753817,0.4133466128968422,0.5050434831685675,0.3714000883815986,0.5517967919750264,0.46741208728789,0.5931458689771976,0.5493757296436818,0.5208576310934295,0.588907529476949,0.3569410217275276,0.6309134182060859,0.6524793619822806,0.6768405813835966,0.45391266297180477,0.5583702495574525,0.6567839389279917,0.632572147533814,0.5471213811525805,0.7112911424637562,0.5272806609902375,0.38866976245494506,0.5701879124247375,0.604190155956244,0.5534324899614566,0.5023917513803704,0.5387288017490102,0.5814734250866118,0.6469200233599899,0.44379463143048536,0.5691382149626429,0.56324993793275,0.291628052504723,0.6065061577420242,0.3814856764303395,0.5265134384899878,0.608823452948091,0.4369004211618333,0.45460167474481045,0.5210832433781563
C4,0.32544460330218905,0.618685782773903,0.6343232567582724,0.5201291315779167,0.4707080937167901,0.5311231140688911,0.3886285727244907,0.6351201267756513,0.5521253366803711,0.3617362357091994,0.5204236468914359,0.6469140259203833,0.5468641509323504,0.49486588920805663,0.6089951038338808,0.5066211200133246,0.34829654524803516,0.5374145371206472,0.5261486654866353,0.5419529758110222,0.6221272912497162,0.46462535388048326,0.5711920893337326,0.49035654625131003,0.5309084308208478,0.4416144017795524,0.5143330406702022,0.3086733900437292,0.5839864050826451,0.46264529697002427,0.39924935047223536,0.5217378599098387,0.5433961766948532,0.3956951352845585,0.5392220447945455,0.42060032056263147,0.4182987487063231,0.4284943505927673,0.4753549688024122,0.5891200568725039,0.4041261027854557,0.38463350594200185,0.5138609614420713,0.49419049614215044,0.36895645850456016,0.3176344624856967,0.3516194390256253,0.42549872138856765,0.490077647934107,0.42294992602551007,0.4090504809277026,0.627595150060017,0.4209554705908468,0.4346570896262343,0.6505638679759016,0.6873491483911763,0.5844433139463378,0.4176721615348229,0.4419057784676006,0.4978356834395291,0.46351694569459484,0.47796743809834563,0.5957227644658165,0.6983600436163757,0.509273339796956,0.48821651623920187,0.5947835938219872,0.5006268176941943,0.5224550065432925,0.4201421736746797,0.5376693116820978,0.47617784023424503,0.28230174992765433,0.5132483016804895,0.5665175286447154,0.4063919303884955,0.42991488238154923,0.47690400302083913,0.38165852728897615,0.3935649527214999,0.5831876410588237,0.35014861313831497,0.5965195491463537,0.5639229461955043,0.3665302838628981,0.5800290493965756,0.5905038231340809,0.3809908882971969,0.4494857404347607,0.4275291687157726,0.4455263134600415,0.4027934338601903,0.44485039295155404,0.5369507227344796,0.5568080925553995,0.465473675029811,0.5990707700301184
D4,0.5531456464685807,0.5962135169487549,0.5466727888412288,0.6015596163519552,0.409006994839047,0.45097237881655233,0.770358996996318,0.4593926721180847,0.42238627920513444,0.6060086466892647,0.628318965626967,0.5865725836680105,0.43766338408986843,0.6921972243569783,0.41012392112306506,0.5535808863163788,0.5065214929139651,0.6568687525277876,0.43859716823940964,0.7766090241134866,0.566454236234642,0.5399519306218653,0.30618995959486084,0.5027516378924355,0.635226744437472,0.6430377985329276,0.6047014940278023,0.5874568059313567,0.24537052124295516,0.41328191884613835,0.4721150860795469,0.4111611239371391,0.5398990187827549,0.5999653338272893,0.4168051033080032,0.6916163371240517,0.5452903339726876,0.4927125354717966,0.5752833640261485,0.7108810149251183,0.5042599998887969,0.397391446835585,0.5036598880296083,0.5172392115007048,0.5169177240429073,0.34382010579064903,0.5321993457196867,0.5114847303895517,0.4854883421651703,0.39693347657851,0.4312285902356899,0.47273353889453573,0.6595644670146908,0.4422963344210664,0.3979187100882775,0.4014034590295398,0.4522113675286922,0.4794456193929793,0.4368039806751524,0.5399574730787056,0.4900498206912345,0.3919063728750821,0.640739018069967,0.8237821217897437,0.2831904179147833,0.6603656290622811,0.5404619552609418,0.5055066905355323,0.6280511099568041,0.47711924041477954,0.46603159844738623,0.4475494744574683,0.5597060953827666,0.555140880917008,0.5654810802632553,0.6056559178755491,0.6507284872738848,0.5169435844868097,0.4052373556981101,0.5443762016314526,0.25956873515077417,0.7612041443511794,0.4884572934926195,0.4792369520250206,0.5401781971317431,0.4753183387261168,0.4579091264316114,0.37983654754927865,0.39329168694186645,0.5183602302249719,0.6387355676156231,0.4432390049915465,0.4698258339983242,0.42447770977586513,0.4954537251958282,0.6021239485944996,0.4689411455699924
E4,0.5563357538123912,0.49535392599252975,0.5259738161380222,0.6562859903456068,0.3870165876096394,0.45549471693447224,0.5907671811763644,0.4018620005404243,0.49006231266429945,0.42362661563022386,0.4236804199607783,0.2911900526640434,0.5376079375180473,0.37352408040783003,0.5009939925273876,0.6329929598334145,0.4680712984551287,0.533799363447855,0.26131457346882025,0.5658363604241057,0.6977846959670784,0.4688098370252976,0.5156067092398574,0.4270875664635327,0.5898310465152092,0.47073448836972387,0.4486751617148258,0.5824933099938869,0.5267588836025996,0.38675749797698683,0.5199126251854411,0.5651945638090204,0.6214665965970572,0.5037895159510861,0.4459236761335179,0.4466466666763907,0.45031079236689076,0.5489471959604981,0.59194141298261,0.36886311259469967,0.7552239958395788,0.4894795941616605,0.4477168147640232,0.5669569790959996,0.40021912215074956,0.6121697317490895,0.395237876707197,0.49469685663368324,0.447220705210622,0.45839271210225324,0.5942828598443824,0.4697657988746896,0.6367913920515899,0.4432843649220178,0.5574201403915379,0.5686836117892711,0.466097311419178,0.39502641055791243,0.5585049373454926,0.3431371759167652,0.49118077098618385,0.41909400610934394,0.5499500908396578,0.6705298729138586,0.5107458682534121,0.42577936707704966,0.3253627615292163,0.49882543430832965,0.5952468883447982,0.6102203676317466,0.5381090595722827,0.3823747654541125,0.5499245398425737,0.3351508383833267,0.45973384712882404,0.5497889507586753,0.5266327450906817,0.48211356589042437,0.36483198138655326,0.5874429043252283,0.5863347636808,0.5485215089054651,0.5483264067285554,0.49334136698266506,0.3973223107828966,0.40093999925137513,0.44693765752420334,0.5345178451764038,0.5808934449042649,0.5109006456586884,0.47690895317226467,0.5303827263037788,0.4431704336726441,0.4156680925021334,0.6150092576746023,0.42948805583519595,0.6458516102068341
F4,0.6107701640407748,0.3498117244216755,0.43448896965492445,0.5254193230865991,0.5699828348228518,0.49790642626103604,0.5450036101578825,0.5201948636274362,0.388784751456687,0.3893841364702322,0.40455117266733087,0.6190167770485016,0.6191876775987823,0.5720984116760248,0.5899625155873187,0.6341069204957656,0.5259713901283846,0.3344314976455176,0.3526299347284677,0.38214692122419897,0.4464340476232703,0.4433699661632152,0.4238282049670543,0.26020644659368863,0.4842049327184543,0.48729873427161646,0.5238999359696637,0.5516034875192865,0.6857200500809083,0.5781294249166452,0.4666571026331316,0.4373604205418876,0.44531778527472504,0.6131706424603289,0.5369754883517089,0.6512649716185026,0.5748578698846968,0.5970514282195891,0.39212180311863126,0.3618264302252905,0.48697206647082647,0.4999919045345458,0.47559471617902954,0.45314745189072536,0.5210880679358705,0.5170201353590256,0.5780724368715372,0.6219613715937834,0.5250734467713216,0.5823575366465071,0.6013238048007281,0.49047663425781457,0.4811462407167001,0.5198755032876726,0.6843537799756056,0.47305593580797367,0.6252438235589202,0.39962578541785,0.5700277450046441,0.47217038973429265,0.5286589455951746,0.717032228310637,0.3779743557071849,0.39047349581109925,0.3809268173274682,0.28910444877033514,0.6872970419605957,0.3155437115202797,0.6151134554700557,0.5774879469242469,0.6057591775740606,0.37296731869437416,0.5501017290103939,0.6724581040265507,0.32275321632642356,0.4336992862466294,0.529921256553846,0.6251847686745028,0.5065630167756208,0.530333637472895,0.3583311277491812,0.38277231651744975,0.4779100746425738,0.24179263497978326,0.45574715229547896,0.4155543198502689,0.5516603778082908,0.6273133940982478,0.5142727590068338,0.5584162788565291,0.5720018905731543,0.5298339036422575,0.4861706464167313,0.6523742628590091,0.4413482025045597,0.3571424000973952,0.4655660828755983
G4,0.4463790420062224,0.3806170132052914,0.4718262167423868,0.7867335521713426,0.34151593230728394,0.45766625755731544,0.28874412181427456,0.5046037922336063,0.4634865235973472,0.6807990788025915,0.6463976969709455,0.5284772213016182,0.41927226219410996,0.46043242075950236,0.5279328918929016,0.4159523282989912,0.5322768455106556,0.5519722906545933,0.5582979807264151,0.3814641135678586,0.4466497899853827,0.4066368855842169,0.5549935958757733,0.5590443565576364,0.3580289386497539,0.5296868377873286,0.4128621372772001,0.3853881849741753,0.393031915351893,0.42860670529303857,0.54030555275382,0.6516804859105035,0.6005654442380485,0.5220952906421179,0.48737649130141736,0.4182835190723446,0.7705967694116505,0.5906037792568668,0.5213127901879993,0.4250216894830643,0.6518586392223713,0.3739506585813123,0.4156982972103582,0.40431549763317576,0.762546389150317,0.778627263084952,0.4701025177516713,0.5455905326139004,0.5860709738945036,0.538645390560915,0.4753942557364631,0.30017865642774555,0.49122991800531945,0.614412018245998,0.5169043010360852,0.5737895437133712,0.531023085550735,0.474527382584699,0.452749381391509,0.4176713234339393,0.4931835649152393,0.5124184162892984,0.47034774485674136,0.5709439871008195,0.618027083651132,0.49739907253222404,0.42942515389959945,0.3499167077748226,0.38345041539552466,0.5410116790958278,0.3698787499253272,0.4380554974789409,0.4958585262558199,0.5625147968189776,0.38163664803175207,0.3612606943507281,0.6100303413010032,0.4245531843738466,0.5780463962070719,0.44394028082995685,0.48229164961069015,0.4708878709063775,0.534509448611565,0.29759904337670917,0.4813629583099236,0.52354849086267,0.5684347119785054,0.5144535775711013,0.6594851700840756,0.49040680470469106,0.32838308830297847,0.5265504383283075,0.4619285641832629,0.41016353360359575,0.526809881284055,0.6054782699212513,0.6386173657092646
C5,0.44054775680225783,0.3642165274352018,0.5947047579565393,0.527056896677063,0.35222326359946754,0.7162550362091449,0.6573842554860087,0.3741333024844341,0.6198740215996117,0.3961257537139324,0.3906279027697195,0.5457031042693,0.3501195953071159,0.6491195164077259,0.4172267448751374,0.5962074703285264,0.4513378197799757,0.6026736194171346,0.48105095781055224,0.6599827219997979,0.3402773284415146,0.6030193889191692,0.5041562343067421,0.5044424711006533,0.3531353033761071,0.42659996651971355,0.5128838644346818,0.5069728942160997,0.34030486307240204,0.3801734898425051,0.45987815163570694,0.38457427082588386,0.5104404512541668,0.46663967429541353,0.5526999609402978,0.3866865734024355,0.6476071003438006,0.6742196956043477,0.48484289627861926,0.4877399218694797,0.4289628800202846,0.5447534908133812,0.48460489545419083,0.31757818570308527,0.3982637499446047,0.4219049334198598,0.5059574060715262,0.363053111819468,0.6856664313978565,0.49147619491915173,0.43730523157224743,0.5743260186594987,0.5512327783675709,0.303769264813036,0.3679389264358568,0.6057478514629702,0.5758493233696651,0.44096935388212233,0.6069770099681882,0.40122213150821173,0.4747245617583377,0.4721968916294416,0.5400751617904256,0.47599838369108444,0.583269346476579,0.3933983805971512,0.5781384737198573,0.3712383338840105,0.48543017729374655,0.4189130100943983,0.47981477434030395,0.42531792410368136,0.32298706022213286,0.6113293536792477,0.5425701421983251,0.29629772637544893,0.3957634331070343,0.6127087548594636,0.5850554341567634,0.4339683933686187,0.3797078277305652,0.5595279266550937,0.3034653786698799,0.43915286343466725,0.5090233283910506,0.5626925460695309,0.60078476387439,0.3250520703444789,0.40200545784780556,0.37832028325003425,0.2814413055266016,0.3893654206533896,0.4842117527674026,0.5172236489596204,0.5052283927759599,0.41442793437073433,0.41973631437350434
D5,0.28263338603030574,0.7341261757536115,0.42914527848208195,0.3620023871876916,0.6065810916615374,0.544865038594428,0.4354013601956793,0.5841176653444871,0.3638695231067842,0.2162588528075321,0.43289090060516755,0.38373306878117774,0.413161916362353,0.2687002165729875,0.47267195519834243,0.43305100947398023,0.5351389844686885,0.5013083440325272,0.4317126234670882,0.6351466101391854,0.6824891120589173,0.3452981212266503,0.5150846103308937,0.5383755877777361,0.48216380614812643,0.40666555848966335,0.4561023276934694,0.5960123784900117,0.6501152089627684,0.4500914717769373,0.45702528806516085,0.7246402339099731,0.4859156060366419,0.43576077993710954,0.4473298846396831,0.4443460070144317,0.5331652125436958,0.3262670537591573,0.5842186768912482,0.4784339427005595,0.503149947740985,0.5035153148158751,0.5178740814914694,0.3776459678898525,0.48088156567612933,0.4955566871530529,0.6437288804539503,0.4301420529158576,0.4690302268654003,0.5406659583694702,0.4719987725726179,0.5381079635688488,0.6570139079368478,0.4603342218522394,0.5884922553639937,0.5245883021623592,0.4356180134791154,0.4106839442914054,0.3999209739482346,0.584084669845252,0.5832393713899704,0.48654295066278913,0.31953080061564143,0.4619635951163788,0.6639558269682377,0.510217375458281,0.5338136938160579,0.5880981060024834,0.5577207860258309,0.5368841897995138,0.4042226992794415,0.40793686249152417,0.5312154936435619,0.5974578041216918,0.6839560481589393,0.38190620529813457,0.35770905365953065,0.5536902086419095,0.5276130353721525,0.41461386991064275,0.31385441622655297,0.5593753726014132,0.54062977667299,0.4804338692234074,0.33486372995888336,0.4894300926522774,0.5232486545642298,0.45730510037017824,0.4906297688546499,0.5370946451652762,0.40389560135295344,0.6272498276885907,0.5930223290556296,0.5971943485243418,0.406691382571094,0.4325611465689912,0.5875345512502812
E5,0.5941456916120754,0.6030927668223323,0.4526334854095789,0.47201616610554226,0.3722422063265012,0.5350867313355735,0.43983116253381527,0.5378516655235721,0.515162853317645,0.6200062083862125,0.5604652226633068,0.42855437685981446,0.561535920166614,0.563041823153857,0.49666355624498043,0.2840300929907731,0.5838544548161607,0.46091098749033205,0.4238309627593612,0.5302708978360209,0.5962052836138453,0.4128801833114648,0.5306424008609258,0.4981222987541504,0.4358532379354369,0.4689704601766008,0.5716124465034794,0.4502782787624106,0.5458431253011901,0.5751025812507295,0.6148025259316997,0.6190321647061829,0.3961055052995613,0.5020119497223265,0.3738758466694869,0.5061603555369805,0.5171394982897594,0.7188132256786407,0.5458245275041521,0.6436017318401953,0.5423539350281461,0.3051831403343719,0.38442985852403544,0.4849841651970932,0.5931661779930797,0.46253836340351107,0.5866156726510562,0.5180138961174483,0.5737511486835688,0.45915049966637755,0.443822300183216,0.3001739329255559,0.4854338236697798,0.6369059334784573,0.38751581592463363,0.4149683262811185,0.47775951307441444,0.5351111682114734,0.6335237887324083,0.6245508939455322,0.42671559662498915,0.398702601057713,0.5443384775678232,0.6644183282484449,0.4545492803844558,0.5493518135021558,0.5507678076140068,0.6130364101144854,0.4647396470171127,0.5124848716847139,0.6733199681938135,0.6105283526903065,0.3864995294071173,0.612099644443107,0.3309974499502671,0.5274278191484374,0.5864646423977548,0.5049911218106619,0.6562476421267054,0.6626926733419548,0.4287209737710728,0.6413514685600987,0.5692904709145327,0.5365836140566149,0.48715796744046985,0.6006410541860663,0.5440206190420125,0.5075967501289282,0.5863634397893772,0.559059686271374,0.5402198999576259,0.6238306358500988,0.4024142601702847,0.5472433371591415,0.4952363932011571,0.6311032074627049,0.5568722706166664
F5,0.5377995357695307,0.4807439460542311,0.37185855184868055,0.32096786469467264,0.42379857079794353,0.3527345005603353,0.5742391817791362,0.4879383608854453,0.43282427422332836,0.6463148283634124,0.4553353107688235,0.48835245598340443,0.5106249697906586,0.6439837374846992,0.4356119214319754,0.6253971812049587,0.6285121145672747,0.4568956501375321,0.5424787183199915,0.4607476317963042,0.4381140082755862,0.6156354872111056,0.38144643686058444,0.7452430425223857,0.38719855739001374,0.5913125960761908,0.3611893147067915,0.7221125824682068,0.6269990111671238,0.40969846669988746,0.4777325576901599,0.48787492712292124,0.44696046391707905,0.5699747824524339,0.5278115756300334,0.38266696943535844,0.6869111545124974,0.5441058048754235,0.6704882678755145,0.5819935633786724,0.5329913930441873,0.5359151087127316,0.43567473139694635,0.42313976892958477,0.587147136909496,0.5413499989914783,0.43231698220854037,0.4775896109575694,0.5000578656845301,0.5662208531147864,0.5466004087098688,0.4140795591824794,0.6762989989998658,0.39428814806138046,0.5110331415270261,0.5282636199779431,0.6219966402305325,0.6127009307251468,0.6276169518734973,0.38447031017740874,0.46481026673294845,0.5912770163938015,0.5212660984266347,0.4622501778382325,0.5498570379883246,0.31272248696781973,0.5990565664880784,0.3535064795285465,0.6273225061303911,0.798892136174467,0.4770863396972401,0.39539477757666047,0.33920023889624784,0.3682842122478156,0.5658392717149919,0.5735194633751394,0.4480417258785921,0.4249925341994306,0.45036658996742085,0.5426237440792907,0.5008217990080552,0.5584113995659511,0.6586827022038232,0.42065418458020926,0.5913643428294849,0.47367877251649826,0.3720096824558201,0.6542662023358753,0.6704397234825884,0.4072956254888489,0.46970233481572565,0.5878062404192421,0.5050509230948789,0.4432997819739196,0.5048417447479466,0.3304859616892172,0.5348166524197435
G5,0.41868106917820747,0.5273296704408827,0.4295639226396697,0.5335795615410863,0.6076415686373843,0.32438475986075055,0.4808864685052833,0.29572856631888944,0.44455902357854327,0.6163634024750408,0.47087404497378527,0.44273710250218445,0.47384287523948554,0.7098025126921499,0.5430409652411089,0.5781984314719384,0.40869961086495465,0.5686561464914396,0.4282766852488106,0.4839439422388389,0.5468144277026347,0.4417614943801767,0.5832927064726037,0.7560960813331092,0.5013329820814605,0.3671968416288115,0.45026206479748565,0.3341355501002887,0.49197629882571925,0.48021683597706416,0.3453435051498449,0.3183127182158335,0.5129691361369308,0.46992487175864645,0.5265546612845781,0.5208577243378064,0.4823989701246797,0.538787235307898,0.47976959555434384,0.3497796289285705,0.6179174648721938,0.41084696810003035,0.617723887560514,0.37182314798372756,0.48473168124650434,0.523149605783013,0.5286466159762769,0.5234053346906343,0.5869628713223973,0.5065374688903159,0.6881687189136446,0.49470185751437273,0.5596075994124176,0.5608963285686964,0.30770856674783925,0.4388438091237644,0.4437834882241516,0.4836624896131784,0.41421430046744256,0.5244360905446811,0.5372617108004258,0.6031317001907528,0.61461228138122,0.5040405737004001,0.625591180021678,0.3323991396613077,0.5285004857217771,0.615949667142426,0.41967853551536227,0.49142290934107896,0.5960225831807644,0.38276619632668435,0.4385733304414665,0.3868285063964138,0.47657194478010345,0.5426529597369313,0.5439723590674772,0.3895603320081391,0.5124010968492797,0.4299446844107202,0.6162439844549019,0.467387065435883,0.6006096025498022,0.4791340189018672,0.5228198249800977,0.5574108429355003,0.5159076055382147,0.5387601881519797,0.5997767414178345,0.4652940676971575,0.4914230540478189,0.32606015789746756,0.30499823201232523,0.5760177075052858,0.4570183760565224,0.5127661964920135,0.5708147681726531
C6,0.4938356220446035,0.6142105483984005,0.3372481448523474,0.5740861606674763,0.38274713219801265,0.6470571911952502,0.5026147567691006,0.5113486164821892,0.5085505613700106,0.48848825433944637,0.5171137876745165,0.5500054987653814,0.47870084780503924,0.5088467730199587,0.5472873260654542,0.5466549077795371,0.5297218455856081,0.42037379529414826,0.4484767167940698,0.3469722863195177,0.4477220479861238,0.4516125550410713,0.590214419256879,0.5299340478670107,0.4914170601565969,0.5961183741578968,0.36982030160068924,0.5090732612582916,0.4477608592883982,0.31662253028689613,0.5311933008902114,0.4839882128998038,0.5438450259801605,0.45694441331365093,0.408945797228661,0.6608989058298586,0.362334512068588,0.4016335193647387,0.5940132640041075,0.6838320075649714,0.5506855243634227,0.6706715607347082,0.7023158498520348,0.3912287828496037,0.39003683387088584,0.5683503153215322,0.47933756491951673,0.4047497177500967,0.39889747679130244,0.5254745204936396,0.567272464840871,0.34240960529680897,0.6108795229841284,0.5890570758026359,0.6400067155849976,0.3799539041172622,0.4505321055474516,0.7583905612650483,0.3936792770922457,0.5551895798534862,0.627155995573268,0.5337953424692137,0.5092462250300774,0.4729454023949256,0.5541342246841147,0.5790256680563002,0.584525654822069,0.39951502897894564,0.36290290337394293,0.6631706555515808,0.32131953316085293,0.34069825558912586,0.4306036540515306,0.3870709496479878,0.3926898815056964,0.6153271541146449,0.6417935309612184,0.535171183590869,0.6121480136018334,0.3698283002220728,0.4444168494134534,0.6120574275725577,0.5600300405514556,0.5913705720465555,0.3639090415333591,0.4714276148745148,0.36875482354864403,0.622558743090516,0.5499194237955984,0.6020839261200754,0.40788185492503914,0.4722644605325015,0.3350676076663811,0.4751642480337841,0.6094010952876097,0.6017685302844498,0.4853946489553832
D6,0.4540974660840159,0.4808420697987267,0.6378928501447807,0.5118090282402149,0.5461596463024803,0.4981612436865555,0.5922646514154544,0.523563256119526,0.34409330511888925,0.48110407117607434,0.29107002259094295,0.5273660912620245,0.7658186552064469,0.4762267390431273,0.49984280144211174,0.32264188479860345,0.6729263358558402,0.5216881447432924,0.4754683230474943,0.31978475667896344,0.5611899935696469,0.42027999716243136,0.3993972253876976,0.42803201234519284,0.47543680984645503,0.6153088385034643,0.5009819354742187,0.5229320454152789,0.6730760841673509,0.5877080312737374,0.4686744459001962,0.5282031928061595,0.5409962778878158,0.3973281066360336,0.41678067075271025,0.5068143448069798,0.5971579458673909,0.4190431461422538,0.5847916311673195,0.5196944184585598,0.44549119386061614,0.3842525516499737,0.574749820865634,0.6694640950989573,0.4843726746485256,0.427232998745825,0.6584454253230125,0.5359741460675851,0.511858377894855,0.4257050538061587,0.6447365191183181,0.632649158796632,0.4767046966181753,0.5794230816662744,0.45231888852410823,0.6676554885455579,0.5481751896973123,0.6253359917103419,0.6747521520456503,0.5647045238891182,0.44558598188956927,0.3955489267215972,0.53444697241229,0.42625117503963217,0.5430103146994887,0.6172780428515257,0.5601525096271203,0.538664577379375,0.5207456751405314,0.6528490314363835,0.5572190089172551,0.4598655329989862,0.5570631067939145,0.46495829738913497,0.3471912426884671,0.4398344332857376,0.4414616150083309,0.3822551428139584,0.4905060516968226,0.6620993616076146,0.5711394698689936,0.39419654837225987,0.5501535002068888,0.5799224641732501,0.6377006163517762,0.4964051646140351,0.5608069366629124,0.6324527517892209,0.48105457822012115,0.659011532946129,0.5307555648677954,0.4605847364664926,0.3262458253134076,0.37120732725319816,0.6125575708620672,0.48134023344448645,0.6506582565550004
E6,0.49759281379238146,0.6395182309826434,0.6706441408597876,0.5677343406945333,0.6053862281313326,0.6204694118887165,0.7249610913131195,0.40311174385782256,0.40927462605038745,0.4938421592163009,0.4329985686114466,0.41339136554177625,0.5713852591398463,0.3888592677087186,0.4672567102226158,0.48927922536879354,0.575122130830608,0.4186333135912155,0.40219975234127614,0.5553537914796813,0.4744593896631373,0.4155752775814425,0.4831288941571333,0.3497271852259559,0.3947865864530807,0.47999644414395254,0.5675984380089749,0.5664237790677387,0.5052989734904108,0.5361947614824072,0.471182608607901,0.5564495265217909,0.43507220114016887,0.5895989501988597,0.6366282876240229,0.5107443388498824,0.5822500246723966,0.5349552753118636,0.5630295601269328,0.5406311810754766,0.45612139156624554,0.5451490679027235,0.43406666597566945,0.4304195891615532,0.5364891546794638,0.5601360403749246,0.35439053293732414,0.4715237876352487,0.5481450975329842,0.4841618975217122,0.3329307324583972,0.37282629761721175,0.48200939287161293,0.554236798859265,0.6671713404663274,0.3341583622030193,0.3594894932641217,0.43580593537645856,0.6130449570120431,0.5245982434143521,0.5229593038545379,0.3552499018981344,0.41548533305259305,0.37323257122950554,0.5291436646507787,0.5672756435338591,0.5484372460475353,0.6067260717212101,0.46313193495661625,0.5178281081018592,0.47202982791896975,0.6364531449709562,0.4586542581455489,0.43782315370585817,0.31834117198162803,0.42288574412629654,0.5831808988896288,0.5079274384126199,0.5522756757127535,0.6443943654062171,0.5337858199279857,0.6372184198833617,0.4129364022521402,0.4143552379081267,0.5576697413793651,0.40997044580754705,0.40050165144142685,0.5474536102828375,0.30174755472426995,0.48889711530943497,0.4856265673685618,0.5650074470014672,0.5502307043416931,0.41277312216522816,0.4085914899389668,0.4951483592214126,0.5008202925672193
F6,0.45017587100813206,0.5686385147816624,0.6145958595576293,0.5641435294313957,0.5495216745990904,0.5463752828622392,0.5188876033798334,0.5354589618639329,0.5602002060866902,0.464914129937252,0.47934265810788973,0.4528795826385125,0.34311229255643766,0.4140635225343533,0.42700872285392655,0.6526305912182875,0.41929089189016033,0.39175434209130233,0.4714013454853986,0.6064109042374899,0.4736759150941845,0.4612259161995392,0.26623083849868434,0.44669440113502884,0.5012267549280328,0.5264285460706162,0.5726401722850483,0.4801932173047306,0.5551466204210747,0.5167515031364437,0.5478964011336337,0.6042064458064313,0.4648378828403033,0.5027928652744871,0.3185948530295877,0.5347198327758613,0.4281443179383658,0.4988190713704307,0.5027143164654211,0.5411258005580455,0.5627779123967327,0.661792610095073,0.4538302281363389,0.5582417464210254,0.5608846709858731,0.6517052880387406,0.3197318456434226,0.5336124624267526,0.6308409901671439,0.5110894750534277,0.5277328329759452,0.5576227449598659,0.6383600910342406,0.4158589924864453,0.3483513675891565,0.384751534054937,0.46292572808744126,0.4116225611052775,0.4514294055979529,0.5575978126317048,0.39995254348640097,0.5689496139541299,0.49909926294577783,0.5012870357751862,0.541633932634926,0.5323991618973735,0.5254234888092788,0.4882199582640246,0.259287836888778,0.5188550894053893,0.5137099110217305,0.4096103527886902,0.490000253392824,0.35944631870865296,0.5640702114074143,0.6052186727373945,0.6218919095603247,0.33767480723563925,0.5838236218849051,0.4829278445951642,0.6081264920702639,0.38939553670536314,0.4769318156862537,0.2792707968198741,0.4619393044525526,0.4299502744032352,0.6454892133691237,0.5742656173323504,0.5743473805321127,0.5433724870218868,0.32501723992110765,0.5894958765834248,0.6398779811827532,0.6127523753021099,0.5253221507192565,0.5497886679207111,0.5311721778391514
G6,0.4401306060213255,0.6137125697417732,0.4625150525449824,0.4459406152272933,0.6076194057118275,0.6676950537336652,0.2933140926812061,0.3561080344711839,0.5557352526135867,0.44277438764010896,0.6387261736825619,0.6340888992714505,0.3579428879543357,0.42393162596655026,0.5052349521676447,0.5304198515934255,0.44900306812364577,0.547015516096855,0.5143403936430906,0.6175746742501721,0.4758311855157697,0.39569114599040156,0.4305331910121295,0.5114548884415256,0.3911388773037701,0.4840344107829002,0.4606611233628053,0.49931694976834756,0.5125857424939265,0.5498492109038298,0.48730484889698816,0.5655785987495093,0.36569521569745433,0.6535408432257847,0.4453037697591831,0.4035049946496405,0.5817346474349762,0.5656262150493119,0.564200115753269,0.6682861899955228,0.3766502335818695,0.5729395343084657,0.5806837628371393,0.5660055258900376,0.3412354647836138,0.5746308024228723,0.4137883775586969,0.4030943679904458,0.46175799245471366,0.49661995662925634,0.5391709846944552,0.2579189632184644,0.6828808275541925,0.35858061782127315,0.3367321884344985,0.5153953573631825,0.4781174061851674,0.5762028776138566,0.4597590820932459,0.663628450273592,0.550372973250801,0.7031335850880359,0.4022655124351389,0.3311513052521524,0.6374151581504403,0.3253617281380783,0.5258543966769794,0.4833092191560443,0.43400513071070546,0.48629994984744496,0.5150399722781541,0.5335597236529865,0.5236072324323743,0.4144672072762168,0.42208207658858665,0.6940320507026699,0.3257023000988767,0.36643214453401596,0.5903506417809385,0.6369943030165033,0.4146433706160584,0.523987863005207,0.5408773581331918,0.5956025831429604,0.5548331842818963,0.3994745852632066,0.3249608587789927,0.5138166449768703,0.5632449973625505,0.5828227826681164,0.5735002330899843,0.6225430277264712,0.42811174739779767,0.5071688543287889,0.5548169396788956,0.3774396695279869,0.6208916615187042
C7,0.6418605235539785,0.52054325479194,0.45697456716469964,0.5404466315902712,0.574492538780846,0.5768691433585588,0.521463061454124,0.6277720025381923,0.4319019321955784,0.5250129711286411,0.617392411628805,0.5101572583412252,0.5379107510189957,0.39617588480954746,0.5414744248161328,0.7215932130263527,0.6254320859371544,0.4930750523305798,0.5430189315629343,0.5104284578383274,0.5673128061542907,0.4447941486501074,0.5670383664681778,0.5698670606140016,0.5686377155739268,0.5318867551350513,0.3304203521232796,0.4365695166244453,0.527905659958823,0.4155443317431756,0.6070947417018135,0.4485783742108059,0.38904280787133316,0.4795855874954246,0.3521545645648405,0.5158730805790781,0.6630472412951579,0.6738537016112269,0.5331219153648502,0.46500515001876674,0.4580285994362355,0.4680000712149078,0.6373639831154027,0.6356930489945002,0.5501090698268367,0.5069233486525954,0.4971312730970322,0.49022813171847757,0.44465115747681305,0.3309927883362691,0.3956065266470749,0.3471640681184892,0.5635414751839067,0.4559817446582177,0.671326579823476,0.6112767675307802,0.30081145930279124,0.567683789862985,0.3916244503108619,0.4749988183965112,0.5560354805902679,0.6672919860827711,0.4894633328893657,0.6389660039615919,0.5859180036400367,0.6957087246544411,0.5680227153394097,0.5549678238127489,0.4989264856996097,0.5643295588121753,0.6917908986771717,0.42174897532665134,0.4566401654374561,0.4906758663157622,0.631233175439187,0.542763331078717,0.5239951099230137,0.44394266057532794,0.5596965866472959,0.2142173287674865,0.30103232516415646,0.5827625359833141,0.44502700724662225,0.45442715295466407,0.5001103723742285,0.4534483759849216,0.6251444058150407,0.5199003870702487,0.40822627399370487,0.6658451787795531,0.4739508779996556,0.47255942675244944,0.4902346031667486,0.5203827588202625,0.46921864616801945,0.5250032789368965,0.5621698197255864
D7,0.4820730394319434,0.44588085439106556,0.491911746618325,0.47960931882350816,0.47625554350867894,0.5414866961252174,0.4946216842287931,0.5671238462467281,0.3688329548849819,0.44725156490759743,0.4096863869715423,0.4319805379729873,0.4055742684519221,0.4606653951566402,0.5356963780329367,0.6514344532516104,0.534753630991095,0.5061745101161507,0.587868110938345,0.4382383841901386,0.3514654062454936,0.4722457842569878,0.5328889920850055,0.46030245452879204,0.508619542087297,0.5929866336659662,0.6407433008382138,0.35380895623011066,0.3296718914473159,0.3449537782391503,0.4638749994418327,0.417734714445483,0.6430683160770068,0.5992507862202774,0.37800580101260356,0.695848934813979,0.38416888440735203,0.4711380181030229,0.3933766182320398,0.2536337349413127,0.4809515396428024,0.5529478434308949,0.5788298496752912,0.46791924355498865,0.4059821600227089,0.5142409651624565,0.5054285978235842,0.49745958820647473,0.40232203800293387,0.6576320642277071,0.44313388355569266,0.6059093010731235,0.6808407176818945,0.7561975696779635,0.4871197468031001,0.5931454648814654,0.5918110405728689,0.4704533641034473,0.5490273760584625,0.49750802613661765,0.41268340197598735,0.48309786991582315,0.46813014757506,0.5438211961146122,0.36900395587662876,0.5400377613633053,0.43184828518071894,0.4908511751425774,0.4101464211211179,0.5387263808389894,0.5489174035868079,0.36013478072101285,0.491364445679023,0.3421360045968459,0.6880033573346801,0.46629615359456966,0.5978276162806486,0.37621942879429815,0.42152552866019966,0.41026200704344484,0.7061252344625781,0.44162499800821525,0.4431348887456427,0.5606329889724141,0.5800390534340051,0.3872409640463169,0.5380754443283183,0.5339509110911511,0.48886721339721784,0.678730234236633,0.38220092910347625,0.521112765744427,0.6517158672556683,0.4539412700843538,0.47175170200235517,0.3809714476903805,0.2586112722577484
E7,0.5321688158863143,0.6120083831034278,0.532007622943563,0.4709102787010735,0.7621308798392064,0.5089941561020449,0.4921911002280116,0.5900644723174749,0.5393990689181525,0.4684155895265737,0.4524134799124183,0.3988510208115329,0.3706135956961629,0.571735404792879,0.7780357746727222,0.45750295089451587,0.34527315587226615,0.45359124532743295,0.5871771571029688,0.4209263334451811,0.4901569859917182,0.43640069834732775,0.38030060402765636,0.5634413072813778,0.46300120041488685,0.35095360923774277,0.6583513148813541,0.5533857751944431,0.5720856239937178,0.5208030936674406,0.44251522932843007,0.40181381207735667,0.5134229186867066,0.5858462862924546,0.5194575070376579,0.606707174956411,0.5352682722760362,0.5255184331250141,0.35857079767783223,0.48901154378182254,0.5502663058294363,0.6030639847092396,0.7293509255766506,0.49278480391636903,0.5092834969182176,0.22710040312795404,0.5560457582607886,0.5199157556782406,0.46783727941064707,0.5784339838102062,0.5265753930811706,0.36876580390930047,0.3932556153591148,0.32036795168637944,0.47393877087186015,0.7050520394051553,0.7432670018123043,0.5838515114105791,0.42777678472435926,0.45728750734258383,0.4752848674290062,0.5774647205532188,0.5166111991303647,0.3565052051634904,0.39620205794923474,0.4349108628638739,0.5068025057546041,0.3776912258466707,0.5121035424512714,0.5839225633142536,0.5098605746358946,0.5047430125580429,0.46257111663271916,0.44932889902991324,0.6027410547824907,0.6003141169984232,0.33795608979837477,0.34491717609255745,0.630548452958382,0.5736237099081024,0.4110423721632738,0.47576681904807483,0.3789154475698551,0.4443434793900834,0.6459342278031426,0.45197082704849706,0.6473112024033016,0.45614713838340204,0.47488274009066234,0.4848897270629209,0.6443979211170886,0.44303533540947604,0.5312543652584174,0.5155090935239339,0.42518717888029417,0.4515389802137818,0.45791523639969267
F7,0.6800617442005047,0.5963758909652089,0.5112808629769833,0.5544780913037061,0.7339284124798282,0.3541814108067095,0.5587332563606571,0.7182583089971479,0.5446669994656429,0.5053175231919947,0.4288914515142993,0.5460414475988417,0.5952021967690482,0.4761897740517051,0.4774173534752517,0.4678894780780328,0.4995084198464006,0.37107812674298846,0.6795051975995849,0.4265455279575814,0.5596866503536706,0.592789083030357,0.4213716280060913,0.5218197866714128,0.5510664035482876,0.578554881211248,0.5535901478870638,0.6193627241198489,0.4964501009953661,0.286899852713309,0.38793774808651427,0.44839934035514073,0.5326452119331958,0.44986109507490224,0.5150476745735443,0.6672799467820264,0.42325544222027045,0.5207665129763278,0.5596147561225779,0.45668980921630853,0.5425068853920963,0.5127931008476085,0.6422364966711939,0.3807258413337083,0.4929761682685983,0.4686273071926097,0.5462910140918427,0.6360231806458323,0.661170611372435,0.5375678887652577,0.5914353184777568,0.4041201294573528,0.3631149584655545,0.554712211411655,0.5529312345976752,0.5571181570375259,0.41487943909519814,0.34110539047201016,0.5513787118033522,0.5659337398455424,0.49131156888281075,0.6362353109969116,0.4272769818809927,0.5557246622847547,0.466562654237252,0.4346344599135266,0.5124439898727983,0.5131614543904262,0.4626102688022755,0.6204582791213918,0.4429602759808153,0.4225247808071525,0.42008107605098793,0.4508815209971296,0.5397323142252981,0.6321184125646397,0.7189934129518367,0.5192814856757697,0.3583268462418063,0.42368036182639734,0.36907264902504106,0.3328752106345211,0.370288188514481,0.5290196983703173,0.5595296859910728,0.5079504643231239,0.525699133295305,0.5943922664267877,0.5945806801396445,0.5028965444448452,0.5128406068187917,0.6438065973150802,0.48073213978383506,0.44847603491100424,0.3899384172489222,0.408000505148189,0.637394653285587
G7,0.3895000165320879,0.4426846391309389,0.5513368664724916,0.5795288060398567,0.5586685520137613,0.6625378518110592,0.4523052215751002,0.5620474782798145,0.5473644358415081,0.5455721040223129,0.5025559824653575,0.38611718455734023,0.42785778458225077,0.44531826374011396,0.5825278444354687,0.5599001592942174,0.5180597719818805,0.608681335907304,0.4026306513276588,0.5236887572696881,0.7159963957782371,0.6659525053793554,0.5476983532200767,0.5699435455729103,0.4457008305503939,0.6307393698601665,0.4970125179188175,0.4164912761860785,0.5855963883894871,0.5220633887568282,0.4601569791630204,0.4579301749922716,0.5628950857649646,0.6064955879120459,0.5031580845391257,0.4343357608544034,0.6469180788765442,0.4739285946272629,0.409399869406416,0.6046101297253661,0.5239361847383248,0.46040187346557543,0.6732689232628449,0.6380533783053468,0.49681983337467595,0.4939234211579844,0.5735097525889271,0.5653433826853239,0.714017517996246,0.4409133359146833,0.5337728168429418,0.35915096944863945,0.4310760442077628,0.5303044834215606,0.5159486491232128,0.6456165243817176,0.3354358613542605,0.4045752587260199,0.5207118735583575,0.4701923877842756,0.5409888336533231,0.4592482219328536,0.48584515377414517,0.4943491067082859,0.5733227395824803,0.5354525442911696,0.5004428616589749,0.40273850058832344,0.6103356808029594,0.4928177384128941,0.42711057561262095,0.40489588363586454,0.4125611026717002,0.6879808508282462,0.48343665171241923,0.5077991023613219,0.3989261991638092,0.4264781201620921,0.5246661540007349,0.41714759593856227,0.44867787858685704,0.5566453477938875,0.635393683160538,0.5213807753990845,0.3381190796167499,0.5577900810544787,0.5815251429299151,0.5301371773210475,0.4041276663160526,0.6247405587177179,0.5631102191162842,0.433196423267378,0.5305313017095862,0.4854359624449325,0.65110793366605,0.44716837384563046,0.6052713013616469
C8,0.464342412266384,0.36592221183317875,0.5979688575648111,0.517740316269595,0.5561265391990443,0.4557766820732109,0.5495755525662099,0.4069188701941097,0.5483937162542876,0.4551965033261651,0.5149871670835484,0.6820424111439375,0.6883785486586007,0.4661319718631872,0.4126091943080715,0.5099303325995675,0.6161070364265679,0.49327481769930115,0.5972301818769954,0.5370257838897212,0.5394763175982504,0.4037167543549891,0.6331716464284272,0.4886962593373064,0.39176154994094275,0.3952519496432647,0.39823426802725204,0.5811057303411493,0.37807522363313895,0.7070973902782396,0.6036618088800013,0.6397925170544552,0.42812693984553685,0.5786518031460928,0.43218911540450233,0.2705124846797992,0.43364285879657494,0.4785526731331296,0.45682987704647626,0.5715341150213282,0.4592290993433311,0.5907482110083464,0.5999984738231107,0.5737849904748623,0.5562606640545099,0.6134580679179313,0.5922942951177178,0.36705830976395404,0.5982659797851227,0.4838209421793922,0.5328761056412147,0.4066033656508437,0.4547327717154204,0.3699793073613461,0.33891059152597636,0.4877158968815064,0.4755879410095488,0.32090647046444964,0.6593101982754974,0.6728330407055736,0.4717969680265531,0.49638116321002834,0.6722645870778517,0.5593060019302949,0.6723061996343285,0.49524333644669816,0.6331340599672326,0.7693928632344413,0.5760309404254015,0.4716552669736099,0.5242529774296525,0.594711042193955,0.43122706945611333,0.35506946775705117,0.4090997838170615,0.5805954574394029,0.4738643849732294,0.5291316899938137,0.46737520076655026,0.5061261619487092,0.4838062062899829,0.5293160663517191,0.495542269415196,0.5684106926566189,0.4680643229666266,0.548667458267543,0.6114435483340919,0.6146861852726662,0.538635398123353,0.3301817408272729,0.49161509895846683,0.45377615823921436,0.5696258271215868,0.49950129340615385,0.530515470415972,0.4458876270599405,0.841531245166792
D8,0.4175660173576085,0.349180176781422,0.48857693309256545,0.4176852985341395,0.5626724455250307,0.5836031465804984,0.4836045728207527,0.39163858261009155,0.4960593542037447,0.4645871284548013,0.48577684714962366,0.6298570400125554,0.5560219868752759,0.4603703046611322,0.4870148906490648,0.7231042340602898,0.43945662864857316,0.5718437118013648,0.4475912446187311,0.4879861220014882,0.566045732007506,0.38875426744590585,0.6504446738871195,0.56187984844806,0.39161509342131745,0.5048533612373649,0.5066186114798062,0.731501552936871,0.43374004228032625,0.5523246414395678,0.4649842402769926,0.5978543432022427,0.6131073814368826,0.5588842294254354,0.5977365816009489,0.5871292219359402,0.5344042969321178,0.5010861421476989,0.33896739804550224,0.49863529793852374,0.43194422452446635,0.6465130721312812,0.6293589967388226,0.43832439666977263,0.3286059164575521,0.5973189894497135,0.6032623116323943,0.6015763024929857,0.6195648980846569,0.5399652103958892,0.671610624793,0.49507395141877747,0.5005455090237774,0.5018618461604704,0.5059953116986661,0.4371849072638637,0.2816883314252742,0.54576205232894,0.7400695703537109,0.41586966930088765,0.7526144979852543,0.3635494469114429,0.3794708188118326,0.4570939595909938,0.7086875491352363,0.5966330841666885,0.41952572228907636,0.4553599682414893,0.5729202266152638,0.5928626741783444,0.40549325723579993,0.5702549135201329,0.37618032861423906,0.6295460621887449,0.4340167642330629,0.47387030248891004,0.49551770344178314,0.6672218996740777,0.5879523562884804,0.29921242801497283,0.30317979392916583,0.5317906041719597,0.6201018864916822,0.47926207065895443,0.5350107947975195,0.3941947024944702,0.44549074157175617,0.328871059685084,0.4887110994301123,0.4954551776451717,0.485012201665885,0.34144606078967454,0.5975708496230597,0.29364152660918985,0.48792663556088844,0.6465678192633743,0.5694403223098514
E8,0.4471157701285384,0.42090078412294635,0.5572265812889036,0.5857706745715728,0.590359843554099,0.5570226564569496,0.5268750999433849,0.5529584217296648,0.4414115729958633,0.6249602256041044,0.6077485077286222,0.5761621000076802,0.7426079939873934,0.3377816091669795,0.6028337497704842,0.7151714389764636,0.315279062390812,0.5721716762367429,0.6588421871209266,0.561624222290769,0.5970306626433985,0.7329518966561849,0.6533181412574054,0.5108532181300813,0.4684912792001121,0.6583190859665085,0.4987939884538381,0.7762585107728621,0.4131711806420658,0.5211240314894,0.4641662813817172,0.654885682190419,0.3413492738632221,0.3897243712330171,0.44148887183332514,0.5990545955818514,0.2647287592067841,0.6028427316678032,0.44323110546626654,0.4713404215838753,0.6430746168389444,0.5143512749423139,0.4557879936611825,0.49709685820546673,0.6329567430148413,0.4237180824359009,0.5302641578767122,0.6723006170344361,0.5606570402869467,0.3348785989080676,0.3354228916380778,0.47366425060008993,0.7085712926146431,0.2897906844214324,0.47001602313772173,0.645726601111035,0.47964160373860015,0.5006199801830347,0.5351966410564488,0.6459733116232114,0.4970709648607,0.53122749700057,0.2844339202829893,0.6116165184283606,0.3755603660395769,0.520833918650671,0.43435343827631284,0.5988975578030734,0.388240915180627,0.4347668686263578,0.4662424809059984,0.6088912485214022,0.41212433444238206,0.4701279578064193,0.46526130923514947,0.5160189309408788,0.49820393163821525,0.5653561977934396,0.39109914185433164,0.40577193436562853,0.5951045416352154,0.5507629616079501,0.5411900301002487,0.4110705581612479,0.3240959229246865,0.759641964356742,0.3469787243855841,0.4124859245214742,0.3865964551591006,0.4244175054867959,0.5764558102016529,0.5299499193488898,0.49880645622207737,0.5498428127014906,0.41290649021829334,0.5397477306635318,0.5351381473457637
F8,0.47123221856566316,0.32188869688974214,0.6429261708259225,0.4451005392252719,0.2691292576078276,0.5497637799714162,0.45084227026236723,0.6851621371703781,0.5948269840847706,0.34063413625883115,0.5718957473500581,0.34830320636716594,0.640238213281336,0.6445139920353311,0.5121819354335244,0.4577428313274185,0.5415987845620704,0.5010058186978965,0.5121641049822699,0.39312385135659994,0.526972319737174,0.525297196773267,0.45757476181618617,0.45741535859815197,0.49417917885322327,0.6967828590888172,0.4286862126694937,0.4328633637284087,0.6864854930208071,0.4792015632029686,0.4627439550514264,0.571282367469452,0.5313298363537508,0.48483286939663905,0.3204955715498542,0.4642085203192232,0.5134234109502634,0.44435462797633485,0.6903844036413106,0.6005130113347183,0.3672872534484558,0.4084440786014807,0.2909934544574899,0.2433686727769308,0.5218864522050994,0.38696927704526823,0.4045728051454377,0.31897227554267976,0.40899305725420787,0.46470497714520165,0.3849578047567484,0.46716479128267896,0.6597629744216499,0.5798665758122606,0.5517716179102804,0.6856913050276183,0.65507682484112,0.7780416238212307,0.3401360747782543,0.47110410116837137,0.5005210427538602,0.4156354401974548,0.6312236987497065,0.6438311374921367,0.571487185351614,0.5406146418232762,0.496351958733124,0.44949109294662554,0.516852122816075,0.4694438088418407,0.49562833184605165,0.49905350228484685,0.5338104332448467,0.46964467328383225,0.4827175126664743,0.5246659306826738,0.6433494489926789,0.5502270027846554,0.4366547605391721,0.5508640650971285,0.5408410124840778,0.4971828866095342,0.48917339859680614,0.3891721721043157,0.3909526069474581,0.5484044913303551,0.5601404547518356,0.5787853219367236,0.45496344774830744,0.5779678234904518,0.60315266235625,0.5017907002361439,0.3478467791599743,0.36764091488553696,0.5625603467781602,0.4282940480930177,0.38700873068953223
G8,0.45437667712239305,0.506320431949464,0.5267954977769745,0.6463936992123318,0.48236122452948516,0.39740950621000215,0.4550821875517334,0.5954164395621018,0.5541252310802678,0.5916824803592805,0.40938630706956075,0.5892657970842552,0.42369295651606514,0.4438378503505155,0.3183232997446685,0.41928639334025036,0.47882919936918433,0.32549196472778363,0.3549773262463835,0.518387365507149,0.5821236934713214,0.5170545919963123,0.5901465572447319,0.42175873109256534,0.38156258521851427,0.3927236811187443,0.41865970003615366,0.42767454259941345,0.4214613924591271,0.4792022919977091,0.5420673629128591,0.6081974231650058,0.49796082446652495,0.4138137317934128,0.4148688528980778,0.5560402852581509,0.5942727025695689,0.479076784170159,0.46180642506954794,0.5053731523182898,0.4039202355274377,0.6005957366026514,0.5970686242984622,0.4429036654548164,0.37991162391306177,0.5473753842664066,0.48235985640662155,0.5174772562071036,0.4988784809623654,0.4417427267070769,0.6372891884287031,0.580162539531462,0.3700704200716307,0.4001735215152796,0.6101004018673457,0.4958722604499939,0.46005266238984915,0.46990159655008235,0.6666374746592568,0.5489365643850317,0.5611116667943153,0.8204607517369495,0.41587518908312465,0.6781103807313179,0.550245388040692,0.5452920159617218,0.3885815903363498,0.48266298329619184,0.5485330212626738,0.4412559274653108,0.4114982595981349,0.6554540552063077,0.5303499511778405,0.60190790851876,0.5690752253623451,0.5864739543314643,0.5947535583843746,0.5655503035801978,0.7021387250061116,0.4833098114971588,0.6950151919500693,0.40277641771351325,0.4288101434984831,0.5193961310163328,0.6317723865949281,0.6342891077095127,0.5206702661690386,0.5678947983638257,0.5721719489100799,0.4313152213254203,0.38157578922908864,0.5023801767485702,0.5700613961229608,0.4243666620315589,0.4952363819169008,0.5570923243581292,0.3962823486538268
C9,0.502467245615159,0.588957734084038,0.5222996464995516,0.5184587053597666,0.6102492668842276,0.39151805872082596,0.5921790097019367,0.5571253136013232,0.594913945440579,0.4404225877360076,0.4896077943723557,0.3915737255467059,0.3379049540061593,0.422292951136198,0.41179860193847095,0.4557117493424927,0.47035560489128436,0.36781137849676226,0.5063625003998923,0.49376716717846464,0.32568401233913036,0.5052733598693951,0.5708121438852762,0.5513390530886274,0.5517746464299905,0.5558293020519429,0.5413909712842598,0.38007958222243593,0.3587809403933352,0.5071649723422723,0.4831102725307978,0.7034140228962626,0.565444601075055,0.47187876626093794,0.5940056809637766,0.35958568960271575,0.49300389354841706,0.5904594994196741,0.3202215215729616,0.604408702671084,0.3722518970402685,0.5665971045390215,0.5232254446041921,0.4807334450347896,0.6196265652472146,0.5216195075159394,0.4951816775161754,0.4996642887305131,0.5403148459430225,0.4075992982238579,0.5240074197642108,0.479080365536276,0.32752858878554825,0.7191496846641706,0.46305072519275764,0.41279599489689384,0.6593263999833606,0.4616877210928646,0.47208955446416817,0.46107746038601827,0.6265426306760775,0.2489932885460534,0.4057943458117123,0.5851589115628836,0.31261231136406675,0.5378518213321585,0.5377184781752437,0.26469537182702263,0.5294475037241887,0.4054085311173062,0.6706933841719263,0.4633315984819939,0.6487753075432221,0.4248377591609218,0.5167545406213361,0.4046220501114076,0.3329084080148623,0.4211166195905589,0.387414443290153,0.6503807637112129,0.4563691689112265,0.6251367130991783,0.4593467952034511,0.5190773939490089,0.531339059260006,0.49423130535823834,0.7846212466653422,0.4341817666106561,0.39430099944700064,0.42562395230531014,0.5364666072927636,0.6714084977353623,0.48428990742360145,0.32855987910596457,0.4463932381158352,0.3789062198960922,0.3528513277289099
D9,0.4209769320599036,0.6766867773494778,0.6581881283200633,0.5883900514618311,0.5961818586087357,0.4801816767436067,0.5521595104173767,0.4490516303108517,0.5806178534904283,0.6501546154706606,0.3893550130541599,0.41472590001636045,0.48182434949994124,0.48609910408644297,0.5202498365678128,0.46383189209487574,0.5014873524883476,0.5602608167186925,0.4877023816831239,0.45901249662378807,0.5293711793241577,0.4954928291924341,0.5454053815882431,0.6760737480745147,0.6009455087983626,0.5107180976400387,0.529682887420768,0.4934931128264858,0.6291373877572248,0.5020246527257178,0.468537117384786,0.4019182640992367,0.46627301221791595,0.5110581090494845,0.45430275526411773,0.5166695904362615,0.4886696174592304,0.3824085747836121,0.5577850226879474,0.6040204629433343,0.46148646872944177,0.6395209407302167,0.38843062502332737,0.43678293695132175,0.4872635075396398,0.5259835668040557,0.5543622885312443,0.5844459447961765,0.4650501397563689,0.4439784835970029,0.621846504018579,0.4632297039227296,0.5151231232305521,0.2748237269940961,0.5786466714885634,0.5124824052720142,0.7002128126931324,0.3066295199047033,0.4404372941828397,0.3481113792934185,0.5917456611097412,0.5770639081630717,0.3692878179111073,0.3457074814959472,0.39371630936330115,0.4961051086689658,0.5971260835543114,0.48343637637319375,0.4024164372028831,0.6610449159331457,0.5373759016615333,0.3277452262143755,0.366745215248799,0.45133532490240375,0.5221784249637116,0.47448504897241434,0.46657679165005916,0.37432825045081086,0.3847361875975436,0.3406347658774709,0.45146297367443033,0.5496366581253899,0.5289838142442127,0.4479674915165006,0.6535012037321237,0.5226300010202073,0.5682356627162245,0.4773927535627499,0.4201197616259192,0.5098751676499242,0.47537283959171434,0.4726737250621081,0.34841613680064204,0.630164857233424,0.613493457719943,0.46181927250959576,0.2963912953244864
E9,0.6103729058498935,0.653663334308316,0.6027519626362221,0.6386259812769838,0.4479119408774285,0.5488681449510521,0.4955307402808321,0.4798325177713667,0.4935409877816409,0.4485445889248365,0.3643626263305195,0.669156632854192,0.6242658486448359,0.45770975499128397,0.6292830606633943,0.6440408943476117,0.4251121155917357,0.5703511929183323,0.5240921129970311,0.5489573096840461,0.679055920767169,0.6505906294972874,0.3630168555948471,0.5317888162033046,0.6633606223908735,0.38784065262687467,0.379466896124196,0.3765488326106373,0.5389370541895866,0.4956006216845558,0.36788173737493063,0.4355570259981533,0.37860897049107006,0.6415142549869896,0.5437015024433506,0.48948350133225293,0.5336867694974088,0.5530706053890193,0.365227806082583,0.5063556715117448,0.20089639694529593,0.47814174496138495,0.5704744696018063,0.5230708428707345,0.44773136723977086,0.4656578103937706,0.5785670768524431,0.3343413024309019,0.5624687535439804,0.3534452703375844,0.5214859557598296,0.5875507112539301,0.27646961939946124,0.5942516824127715,0.5256278364664807,0.5354301952480031,0.5577259420379228,0.6734616125234947,0.4777563208892925,0.39247619027552433,0.7371330241357233,0.5079186117958233,0.5446700383104037,0.5023271714510256,0.5517159639297973,0.5716771085981148,0.5677622651323151,0.6075134857378272,0.5118329371447875,0.352840501178135,0.5264231611122953,0.4718486633710669,0.6148654965827431,0.5149166857924522,0.3935502080950507,0.5470856101497873,0.41805110232236303,0.47446270000174096,0.2999306457008716,0.6749777078646533,0.4489378481027076,0.41013642554813506,0.681541019707727,0.6496051462665854,0.48567681265789314,0.4860209790867199,0.46232271260232893,0.3639980215840762,0.5819827533444689,0.3144958186521044,0.5506038387163099,0.3354259727725202,0.4955698338377089,0.45571801131498924,0.6284481591582298,0.48339674214777095,0.4518144135342375
F9,0.6427368532040667,0.6712139538840823,0.5107623848571633,0.3299505431838332,0.440917287007535,0.5549838752881695,0.6006392837135532,0.46571950505594156,0.6409507426596409,0.5158038082300372,0.4714303324835514,0.5548343957865914,0.5277632791546084,0.45284629569298224,0.41485035519056057,0.6421090446711739,0.5413323838445538,0.5125402970209189,0.42887867027591053,0.4899602639828845,0.3421911257468613,0.646132412655532,0.5724068241350962,0.32844803423859115,0.56641278531115,0.5785040896798419,0.6548323657991265,0.6749384993640892,0.48610140392398815,0.4569767763989985,0.5716954626318306,0.582446769590048,0.5386317416349871,0.3692108169836601,0.5226869165928836,0.4954726873221329,0.6912772194964508,0.6560338517483578,0.39987253076593954,0.6025161726001085,0.3646702355185807,0.36430928670875884,0.6532294338288058,0.3944128585419373,0.5521052678155837,0.5822542048442348,0.554547635199567,0.5107102780018771,0.459435929193308,0.6055184405044378,0.36113621585387834,0.6181280670103306,0.38310201554963397,0.600946792649727,0.48405564990382705,0.7363901489061122,0.4333408354450388,0.2737262393627628,0.298194550669324,0.579780225965314,0.4637003851735396,0.4454687610213954,0.384497205352291,0.6267436752914213,0.6350930748783814,0.4037275471540003,0.45229435633429377,0.5663954495501129,0.5346687753472141,0.5393631816915962,0.5177868011052941,0.3955783122458098,0.5164119695748728,0.4505228386433494,0.3655606562337079,0.6248522482552634,0.7751814956390397,0.4645604056758481,0.5107469715571519,0.3689442322183073,0.5979424571581893,0.45708086721758107,0.428384725163767,0.6145055087321034,0.671932822492934,0.5617037683732207,0.3727107548412219,0.46340104948023486,0.4971292608344434,0.4975865550346698,0.34780926586826866,0.4751670997291193,0.3582032491696361,0.6665892473901904,0.4998423835888735,0.3869982132294895,0.39106810771140826
G9,0.5680749661731669,0.5683488576521938,0.4706476903163892,0.5266939091251165,0.44203614893969095,0.5945075060575374,0.5175306992399767,0.3175609672933947,0.7827943219214263,0.41613078338388093,0.5219891992354656,0.5452007523420328,0.4493677382197125,0.5929373404121437,0.33138679441629804,0.33997675219128654,0.4365869500712126,0.5468777345442474,0.5408122335950611,0.46375501261989177,0.3035970976048005,0.4615008753914504,0.4690773450896629,0.4151497848483348,0.3690749966959998,0.5781238665201318,0.6211123134758185,0.395182175702416,0.46701775833565684,0.3766935469063557,0.5734646378186768,0.5959778821310343,0.45100853866023954,0.5915224256304709,0.4071894442585346,0.3422120887423922,0.40226145888682774,0.4300711862284423,0.6313997267686037,0.5670890459217349,0.4356978022605371,0.5514229708209561,0.4654747665320891,0.5087572432716638,0.6208146623088632,0.5002448804910696,0.4352377579959755,0.5501770659465473,0.33271787509380135,0.4495179877784085,0.648052436212266,0.44665764225992977,0.41866815411096747,0.5511992317342217,0.505868554390578,0.531164808422574,0.47609767677732473,0.5983001480546175,0.5128005737688742,0.47840843837453273,0.6057680703060508,0.4707499806310075,0.43113938769564053,0.34150000970498956,0.5700665161045088,0.32656394479535256,0.49528110662459374,0.43353839456499565,0.6595345538857891,0.3456797403073022,0.36922100179820283,0.5572105075317475,0.606357847410248,0.4525648215523713,0.5498391338834819,0.4190635149070766,0.42653136735811253,0.4477542598821531,0.541689242707279,0.5230797423271465,0.48005375635015896,0.5383430893611056,0.45643232595205085,0.4825295901794233,0.44303151753095416,0.5028337401944052,0.46918494479995376,0.5268403207414831,0.4535955746225365,0.49235789449706835,0.39019833952955607,0.5621720464370376,0.5516390028494829,0.4467434403373274,0.5228578562366555,0.39883964811423345,0.5095092956626562
C10,0.4604702861086688,0.5498379809087369,0.42473288131439874,0.41679242376269954,0.4768804945141895,0.653257994521262,0.5084167573909452,0.5758650286574574,0.6043932057183953,0.3837054734014578,0.4832485592987521,0.554604679024321,0.6265981655639368,0.5550952353025203,0.5472586374117208,0.4609594367013664,0.5808611638511776,0.5117032826174448,0.7126508498746089,0.5315099473182748,0.43148935890297946,0.32407653140658943,0.541685382638833,0.47230250177702615,0.31629938601165497,0.25888568160301595,0.5467769417324523,0.6824937382667151,0.5658986921239171,0.38089664574377313,0.48294698355956245,0.359784731207777,0.5520727695270372,0.5412566268481123,0.4444855143673272,0.3670473688705608,0.366431076867487,0.44919586764435226,0.44097202324742196,0.5571809787615988,0.6588524236494051,0.35004966788167774,0.5509405241898357,0.41464324008278813,0.5410818838445814,0.6463201243773001,0.546003958200287,0.34050162779644344,0.3216491948820279,0.49844835961855627,0.36810170725706903,0.5332866798769368,0.4274005091250157,0.614229077277068,0.6375150804764982,0.4373242998586725,0.5142609374120289,0.4802248760945174,0.28147366727815426,0.48567590020675083,0.5315510836111013,0.461074633053005,0.38600526972351823,0.45165547080529794,0.2927279467126391,0.45350186660018976,0.4954640331146796,0.5421987844513714,0.4787533777120786,0.6453973242225327,0.5164570921570946,0.42182077778042476,0.47872483769677576,0.48204848906315784,0.5620832494916274,0.32290279227609986,0.38531630633212527,0.3241815807584493,0.6815122112811312,0.36602800678539826,0.5191726595535961,0.621954317505454,0.4317317023683209,0.36955940012209815,0.49539284247200516,0.5689047106615339,0.6073376489792303,0.6162630061338759,0.5582292695794067,0.48463134282499626,0.47796867048904335,0.5935067036468297,0.5688019433895287,0.6017154811056314,0.5891064138901301,0.5172987741421524,0.46034113153972717
D10,0.46829193177363476,0.6327411491616356,0.47142543133329856,0.4054231608528147,0.561981681901767,0.4625840885189981,0.4223625083797858,0.3670925931758524,0.5019062798254311,0.45909262137967943,0.6883231434859788,0.5235003506357819,0.4812288115562874,0.45279436858161826,0.5320952605591949,0.4424594152284834,0.3772887520346971,0.4504235140857629,0.2156632754173058,0.4146975232554796,0.49628761697078744,0.5374694747083111,0.45042196937164153,0.536840686305613,0.6113134220270351,0.5414044453156431,0.5083596719257767,0.5802288335243202,0.530014295220159,0.40815159210367735,0.6246974006058114,0.33569213627641803,0.4445937603533693,0.465859595109575,0.6768802145161112,0.5334974935766116,0.49132341109333316,0.5752175172227596,0.44372864664896633,0.3867242278926122,0.38453931104339695,0.7047038957576576,0.465474596844496,0.6589036822830414,0.3723840035936882,0.5458307237779185,0.6063379301610188,0.5940961411931749,0.5877092904360165,0.555945055918701,0.5871957709196245,0.48968093689763925,0.49479556435717087,0.6057425793195005,0.586027058999475,0.5622929590142731,0.7155976589040736,0.5116713903785447,0.607357615321293,0.6010890284587146,0.36980029317200214,0.2809706924065474,0.46616216350098777,0.4223595816367363,0.3869452235074545,0.3336277153361836,0.6962446279481582,0.48745472646341187,0.7025246972464462,0.33767158099394595,0.5481902843731239,0.451515586449204,0.4701064254200042,0.6381732192007434,0.5099679912816174,0.5157306259753978,0.4618959219531728,0.510754337427978,0.5837378677427048,0.47230570731508353,0.5635747226714964,0.4717188431676236,0.6331212925867482,0.3844440692742682,0.5662400701060272,0.45451215533573586,0.5843298278885827,0.4547039864028834,0.6489061726801064,0.5683082056547454,0.4801566213492702,0.6006472838960604,0.447440608644821,0.6020101958369809,0.37647030690581146,0.5336713330112168,0.3489671996409397
E10,0.4995143178595592,0.5387963978061542,0.592444158455849,0.2664389955618191,0.4862186716637895,0.7629104643427147,0.3766427357442635,0.3138782219720454,0.5476692452231162,0.5117046477242941,0.3436205981906675,0.4691208592544209,0.6164247997042112,0.32979034914987293,0.3197225984346893,0.5086336718076037,0.35664564527225817,0.5122159727678804,0.49002494249391626,0.446174164926777,0.41877528660442703,0.4628418845877828,0.4639918529022683,0.39321347099291254,0.48790936232473126,0.4744952769729685,0.4388415462354096,0.4927344054473371,0.4817167944463725,0.3214964202706837,0.4724069888610436,0.40161426069106576,0.7327900484372466,0.35295220736441185,0.5222868248556217,0.6060074742937603,0.4989609254512062,0.48808836352345575,0.6333269764477207,0.40037749108815435,0.39556407635639046,0.4060239455400665,0.3177860470434465,0.3978019603803551,0.4778753578356425,0.7145414454836616,0.46596337110961783,0.4892312876080358,0.45008008615530104,0.5979884922893312,0.49740781259058736,0.5998072228558058,0.5131139770454491,0.568446924569998,0.6211613518903113,0.38549987470379266,0.5362651411871079,0.676366197624918,0.40040015748775315,0.6584424181818682,0.5570096499443442,0.5555336304232722,0.3535257042460851,0.5509324063570087,0.42383072523039944,0.441735875882311,0.3085060104212647,0.6252754928532929,0.45166237981995055,0.4920989817279786,0.5640071940573274,0.4697186169436249,0.48586917734700263,0.5126711359349845,0.55224303482765,0.5644067038546592,0.5493510535430578,0.4583695664766966,0.28055655392659284,0.47305941449069994,0.41234798493389546,0.46150870579117037,0.546386841574389,0.39797372641724915,0.3520364103679836,0.5607319104023675,0.49473758690236247,0.5671118714352846,0.4124240917550074,0.4863790537845636,0.5764284668358982,0.6089945757188635,0.3152436080036818,0.5981588171338486,0.495300524247643,0.4085538029947795,0.43960043918101194
F10,0.5114301897116372,0.47121182267338946,0.46631887402138933,0.66229737310172,0.4599133303357724,0.41555498098527255,0.405798227881482,0.6509233288858824,0.5135330725366334,0.4925576013922003,0.3624065024029166,0.60633793008143,0.6093165355626089,0.6249531164479272,0.5715152416997649,0.6786361572676878,0.5107315387614128,0.4834411271755605,0.5281793621421355,0.4576512837672117,0.3596662707644137,0.6347262190130886,0.5701024283044961,0.4661368243854585,0.5844714954294112,0.6594742414159274,0.40021355921180957,0.657701967542829,0.5958720231403487,0.5230239272158361,0.49609839608464734,0.6014604291198867,0.31280491234576036,0.40044169114202516,0.45351564286307117,0.3750234149806791,0.7025932708821061,0.3680099110617716,0.591430413426494,0.36491918158678294,0.4524837996677575,0.5275327426540346,0.3968814560843993,0.4380224133238638,0.5541380369102433,0.42340231950170926,0.4005031016043069,0.6476850289808951,0.6859052519633181,0.74026704372353,0.5459190375681,0.4974845456566487,0.39043918749693074,0.6931112031260291,0.5112882170026145,0.42886084886311215,0.3133930552617546,0.3059516475184763,0.5531440094148948,0.331802365789199,0.6337605877124428,0.4043639743822398,0.589056157451811,0.5429020604514088,0.5581365855100571,0.40818356366083747,0.4628092023664792,0.5052235950965324,0.5173703056889786,0.5616812117281221,0.417382652099062,0.44305563864336045,0.265472104934813,0.4297557083669291,0.37097405230933067,0.6306552969503086,0.4860701285321932,0.34768997806944313,0.5566988729283489,0.4913188730824776,0.262133167924408,0.3826666684441012,0.39580222181349933,0.5894137694596235,0.5572813846728601,0.3654612338055129,0.6860009044882405,0.30832884256819504,0.3786152278988564,0.46752378336616995,0.5526903827860989,0.3827366223487651,0.5876313461627332,0.6263757445578685,0.3106519245889797,0.6050447519333464,0.6538034909483222
G10,0.5168256399965984,0.6863817166297169,0.5012548987813076,0.504374933872703,0.6272788153382076,0.606586937745479,0.5396416337865646,0.45442128480310806,0.37616192142926974,0.5770856598036082,0.42179902660496305,0.4883503504277398,0.5033929918429679,0.38000335893839776,0.599734912520955,0.3877683513993952,0.39749382752771545,0.38744495858136135,0.5684595225324002,0.46921355255026737,0.5123523137462245,0.4393899928576167,0.599479600627148,0.36036671120182284,0.6165162237649056,0.6189192124493086,0.5731420877357092,0.46781640247669276,0.5561107190565047,0.39081370324449655,0.5676825817374913,0.41212952784954027,0.5519933453227439,0.4519080136120738,0.4825730600104935,0.5785276671952073,0.3873960775318521,0.5499468426110927,0.5147158935705898,0.6110365631894733,0.6192556262860458,0.5587867534134261,0.36184058110632433,0.6632739651992438,0.39209635366222434,0.41388943192284683,0.5702082891687409,0.5946279961437546,0.4444201103056671,0.4973454805406498,0.3883422488877324,0.33471705596265655,0.43398120038842064,0.6567013712939822,0.33408045473794556,0.2946455903817177,0.6543467545412509,0.529946357662371,0.5016447786629181,0.5920068036561855,0.5965524933103081,0.5065368549507396,0.5533271651212205,0.5283611138132711,0.647497507210856,0.5166019178434443,0.5745249713389133,0.6737560446009847,0.4347738624458174,0.4456072283901351,0.649633899737437,0.5826479935086898,0.5173375222768495,0.37181578178921487,0.5808818154671381,0.5389401654695775,0.3919101920658314,0.6038560000691268,0.3147661487141472,0.3099885589984823,0.5292902227917495,0.4024111282976367,0.5055859246419316,0.5270995832261036,0.51301945153096,0.3111739348181578,0.5120243645597266,0.6116563663211854,0.3564954610736877,0.5586224667038481,0.5164251752091235,0.5017865391492438,0.5913896873780246,0.5522476442440354,0.7001172033898292,0.4866898204573357,0.5900529178859518
C11,0.43591354214421474,0.5411923592130781,0.38578622664722073,0.5354270262521955,0.5657242328055622,0.5339244524343937,0.4637025245958166,0.4467439766522713,0.5716441276155451,0.4822683267217447,0.5557906151163212,0.4438665008643291,0.5449683792769433,0.5064222186093637,0.48644624820361826,0.4354893147298492,0.5310608372979324,0.4181706222940651,0.6120972646497154,0.6117384747881446,0.5305434937959882,0.48244165837583985,0.4922221585962939,0.5956228430909267,0.47553258490774514,0.36104620431301077,0.5347484534202538,0.4066010502372317,0.3747756110481147,0.4353779068349807,0.5379965348914981,0.4901737299421731,0.49777152971675853,0.5489876800866804,0.4579260308581036,0.4701121913966732,0.4815704219823435,0.5034394035183619,0.48807305185107347,0.5687096570298114,0.29615254654726053,0.44314664415665594,0.7371480009079778,0.5614706789553192,0.40074342305957794,0.6600589237998052,0.5429380044195249,0.42878082962465897,0.4026865157693278,0.38125358275360743,0.49243426250678746,0.46763238054203776,0.5517517870688763,0.5235190502525711,0.5416181633802186,0.5976250332637625,0.4074254754858549,0.39818644102117395,0.5357147807733313,0.6651364557984963,0.3942286626328528,0.5220023268575119,0.5002110134945195,0.5466306424706091,0.3403872091454633,0.35631381945428975,0.510878004130607,0.4427583526388551,0.570325446409471,0.5866879409250219,0.4468892402498333,0.4812429946128206,0.4900068722678439,0.5029033294683383,0.46913813628974754,0.453779257860654,0.4261140835228602,0.5715868461277982,0.49261799637787,0.47229476262581327,0.6213213624512239,0.42863775861445386,0.5421213630472216,0.6338730188052664,0.71810603226681,0.49429354318032487,0.38477107790495546,0.49393568337786,0.549128720295881,0.568946402568482,0.4420980307673168,0.4972274424991624,0.4189003442894589,0.48501300360392013,0.5252351867861333,0.6898417054746677,0.45893511228094597
D11,0.32900771897562997,0.5752910115212386,0.33056488401124073,0.7072336696682652,0.5573010151585451,0.6505377342125561,0.6362151355207513,0.55940299112396,0.4566637136064521,0.4540506652083248,0.4061484959269506,0.572473840880795,0.5821794456150301,0.5883463337961603,0.29168417045246475,0.6755047025089913,0.45915014500538465,0.5169546301004336,0.5258412262334022,0.56770248865685,0.6364425078790553,0.5395111158679312,0.4811915405700208,0.4360958255231665,0.5109388139669522,0.538618945479614,0.46421525046790785,0.5300960158742639,0.5229724737867434,0.46447019542204226,0.3495696178667156,0.5664610471984796,0.6361848107696848,0.5278327418943026,0.3146756013533926,0.4648372712573332,0.6010787136082871,0.43247237162374425,0.6388007643600686,0.32996050865476734,0.4061855291276602,0.45476311457956536,0.5012874737727446,0.5825544190063349,0.4898810113589652,0.6046027486918253,0.586527474673482,0.5572573883862136,0.5493931971736296,0.4869905619770628,0.4462041824837478,0.5209138005501603,0.4590364674957496,0.6274249945138292,0.44941217169823644,0.6607243723166698,0.34824811155391644,0.5379430802644789,0.38881522355780196,0.7921862644874836,0.37632247587961265,0.3677282396356395,0.4897423126841615,0.391789043926306,0.5711781148144158,0.6124291677214801,0.4126465502803042,0.5362505800913777,0.5099449570535586,0.3169278968943494,0.5614131331725016,0.43300611810507605,0.5526542083366994,0.41439161509705486,0.6674033938363628,0.39709669741748055,0.49729758863912327,0.6568435733775713,0.6259278848448832,0.34832135751081494,0.36147250308237433,0.45317718090518966,0.5319545677225505,0.6107031100412468,0.49099180385267344,0.42574672175779255,0.35555902012434926,0.6694774904813393,0.6639078229829343,0.49557893752656995,0.35421609200626136,0.609689497981043,0.28988150241291505,0.4362739096403603,0.6094178393270158,0.710093568045489,0.4308421383329167
E11,0.5370326827208061,0.7138973054920785,0.5694176825686857,0.5806036087338117,0.33823232157779215,0.4066898116567328,0.6518789197797246,0.5484113171245661,0.4999387858418833,0.618780790524286,0.3565951962644886,0.28455755522719367,0.3948807772708744,0.40009831422913883,0.5485692514132239,0.5442014627588906,0.4634500650638398,0.5446005015344311,0.6271972403718076,0.43561402121202525,0.39007503903949753,0.46136715188792093,0.48893657849538663,0.43295858881554977,0.5896074084123893,0.5902293073411525,0.5772784207124914,0.5707314674723543,0.33448820489739783,0.44406166152074755,0.47674006785743395,0.42817886641002567,0.45797977466325523,0.6137987297424354,0.5262616904250005,0.6190038295615,0.5167905645637143,0.4572702367091235,0.5444088423878166,0.4595154999880629,0.5926155450599694,0.47459240801568536,0.4753136063824494,0.3613698538662419,0.5444545035662159,0.28142942252077024,0.4131594338828639,0.5602836127924368,0.5946669173729385,0.35753164549544414,0.4866967675532818,0.5261928055236252,0.6676827119422737,0.6536781875679009,0.5544255143357074,0.4373231646152178,0.5464376542547333,0.7525897972067404,0.5526055686006749,0.432959295607483,0.5208340923249223,0.4313969595454374,0.5517085573145438,0.6212526029096949,0.436121726887436,0.5348992505752357,0.3919057665104926,0.2934040479651444,0.49303058617407447,0.5030010685757942,0.517228964340099,0.4222706051862902,0.5902137947743342,0.4294025773895549,0.6115257353099837,0.6165956029959497,0.17603892370032675,0.6280413883160546,0.4417444705689105,0.581168507338795,0.650971506694131,0.39607611032739687,0.5176977744611383,0.464272120188868,0.2811633274773655,0.5063729718532252,0.5752481723118252,0.37813541826732755,0.38010097600356596,0.5590075080877032,0.40797491531284275,0.488130581775524,0.2930035246536744,0.3340126591068337,0.5137721056010777,0.5277875642141874,0.34331301992541163
F11,0.4269284484346629,0.630960241590123,0.46075374795374024,0.5615723802142613,0.49967921202022225,0.3381198919463056,0.4886657447617299,0.39298565043424466,0.4219267367709091,0.4448538257960192,0.5364268385850245,0.2892382499388243,0.5568298453484815,0.4527574375227773,0.5077169477774841,0.6275199566650094,0.3800624264066524,0.6024270584457388,0.4820109151905641,0.5024227022323977,0.5917425897084254,0.6154641823395902,0.44059093751221723,0.5157360362369556,0.5349938631252016,0.5402973915067636,0.4208414807599564,0.6133257942789878,0.39684915957091216,0.41648495759356247,0.6488768640527487,0.5587032556418997,0.4990952566936829,0.6982489804698322,0.5439282755405505,0.36030532863188314,0.4958915486942299,0.5378984001559396,0.45151865736631036,0.5638968886017292,0.5047349001261615,0.5615084786916583,0.5036410633912185,0.4039037047135432,0.4478194544122406,0.37676476841992934,0.5976433369302566,0.4895695762398775,0.45627283820092784,0.43171429056659183,0.5852127650280738,0.49917649833832817,0.5111259337778397,0.48086142768585927,0.245749172463324,0.33484900370836657,0.4666396490545599,0.5621140711835231,0.5282980374026869,0.4667600288916335,0.5150111630092061,0.4125301172439346,0.314611940116336,0.48556095579613123,0.4361066682212923,0.519239619807061,0.5835003161888858,0.5795582500311383,0.4205053596225795,0.43938376270964946,0.3383763002548352,0.5059672304938283,0.7171095819072797,0.7621744596161655,0.5905457979374443,0.4528843267110917,0.5636880630090564,0.5683419083878556,0.3268613618324242,0.37784674929637535,0.32525147564054047,0.4606836075628456,0.5307976507532333,0.4176583442360972,0.5960590360220275,0.3419113167061943,0.5762314081733162,0.5728129637421443,0.37893103868489575,0.4291137197170172,0.5017502797400862,0.4316157446387135,0.5079423068267149,0.5921550429388155,0.522114170802103,0.4621170330401368,0.5155407740383986
G11,0.6503268256443967,0.24908362399928535,0.5340907388294462,0.57080655605065,0.46197335954293434,0.4586634478919681,0.5548988050092984,0.45364809917510346,0.427096289409179,0.444998059761816,0.46916324281595845,0.35568845577075003,0.5195031348963697,0.557988012963119,0.5446818052838951,0.6689306288386258,0.5489320706723259,0.6209908197561382,0.61779965117338,0.44038103251126853,0.4345419025973862,0.30801793580732084,0.611223129207844,0.654126326393061,0.5516941862132657,0.4940704601566727,0.6121052832707422,0.5383027334194482,0.4584878485869523,0.46715675306421844,0.5824458451992223,0.3785047654095044,0.5715948477452915,0.37478501139391773,0.5384655938383915,0.5300129350587529,0.548191297085478,0.49065839856301413,0.3766975182605347,0.5447470241234,0.5542892547478699,0.44267211655898486,0.5344508580739993,0.5292934645359396,0.5803643466104706,0.31220490021422204,0.5159987237078006,0.6478628901548971,0.4967594546702952,0.5981001275554432,0.45395006332695736,0.701113965529942,0.6626714082562484,0.5263665383694287,0.32149890241024226,0.5425537246948033,0.5473934928019654,0.6225324267069752,0.5245732152883523,0.3676469443666962,0.6647849632319869,0.3680344039156457,0.4019682360749032,0.43677471100152077,0.6677849366826109,0.5613759322110357,0.4256357738137888,0.6254557045220558,0.40689224255454715,0.4509661480254041,0.46759705729072953,0.5199631463537274,0.6083396922277071,0.48547653552149145,0.6301663913664939,0.599116665309931,0.5043239155492663,0.6243630024095823,0.5807741058645489,0.40205975049091197,0.35663232880329176,0.4542065554724932,0.48995184457685137,0.4349666473526319,0.6368882513171858,0.3681793846669664,0.5006567235159095,0.6438775629389539,0.43264612476050335,0.5082082855184397,0.5388186643236328,0.535736579146905,0.5576358603680335,0.4620408263109635,0.6504977715631266,0.525267328063012,0.665235465757054
